date,user,movie,list_user,Metric,metric_order,Score
22/04/2022,KS,Midsommar,Zelie,enjoyable,1,5
22/04/2022,KS,Midsommar,Zelie,plot,2,1
22/04/2022,KS,Midsommar,Zelie,acting,3,1
22/04/2022,KS,Midsommar,Zelie,camera,4,1
22/04/2022,KS,Midsommar,Zelie,themes,5,0.3
22/04/2022,KS,Midsommar,Zelie,music,6,0.5
22/04/2022,KS,Midsommar,Zelie,casting,7,0.3
22/04/2022,KS,Midsommar,Zelie,wildcard,8,-0.3
22/04/2022,MA,Midsommar,Zelie,enjoyable,1,5
22/04/2022,MA,Midsommar,Zelie,plot,2,1
22/04/2022,MA,Midsommar,Zelie,acting,3,0.5
22/04/2022,MA,Midsommar,Zelie,camera,4,1
22/04/2022,MA,Midsommar,Zelie,themes,5,0.3
22/04/2022,MA,Midsommar,Zelie,music,6,0.5
22/04/2022,MA,Midsommar,Zelie,casting,7,0
22/04/2022,MA,Midsommar,Zelie,wildcard,8,0.5
22/04/2022,YA,Midsommar,Zelie,enjoyable,1,5
22/04/2022,YA,Midsommar,Zelie,plot,2,1.25
22/04/2022,YA,Midsommar,Zelie,acting,3,0.75
22/04/2022,YA,Midsommar,Zelie,camera,4,1
22/04/2022,YA,Midsommar,Zelie,themes,5,0.25
22/04/2022,YA,Midsommar,Zelie,music,6,0.5
22/04/2022,YA,Midsommar,Zelie,casting,7,0.3
22/04/2022,YA,Midsommar,Zelie,wildcard,8,0.25
22/04/2022,ZA,Midsommar,Zelie,enjoyable,1,5
22/04/2022,ZA,Midsommar,Zelie,plot,2,1.5
22/04/2022,ZA,Midsommar,Zelie,acting,3,1
22/04/2022,ZA,Midsommar,Zelie,camera,4,1
22/04/2022,ZA,Midsommar,Zelie,themes,5,0.5
22/04/2022,ZA,Midsommar,Zelie,music,6,0.5
22/04/2022,ZA,Midsommar,Zelie,casting,7,0.4
22/04/2022,ZA,Midsommar,Zelie,wildcard,8,0.5
22/04/2022,TS,Midsommar,Zelie,enjoyable,1,5
22/04/2022,TS,Midsommar,Zelie,plot,2,0.5
22/04/2022,TS,Midsommar,Zelie,acting,3,1
22/04/2022,TS,Midsommar,Zelie,camera,4,1
22/04/2022,TS,Midsommar,Zelie,themes,5,0.2
22/04/2022,TS,Midsommar,Zelie,music,6,0.5
22/04/2022,TS,Midsommar,Zelie,casting,7,0.5
22/04/2022,TS,Midsommar,Zelie,wildcard,8,0.2
01/05/2022,MA,Moneyball,Yasin,enjoyable,1,5
01/05/2022,MA,Moneyball,Yasin,plot,2,2
01/05/2022,MA,Moneyball,Yasin,acting,3,1
01/05/2022,MA,Moneyball,Yasin,camera,4,0.75
01/05/2022,MA,Moneyball,Yasin,themes,5,0.3
01/05/2022,MA,Moneyball,Yasin,music,6,0.2
01/05/2022,MA,Moneyball,Yasin,casting,7,0.3
01/05/2022,MA,Moneyball,Yasin,wildcard,8,0.3
01/05/2022,YA,Moneyball,Yasin,enjoyable,1,5
01/05/2022,YA,Moneyball,Yasin,plot,2,2
01/05/2022,YA,Moneyball,Yasin,acting,3,1.5
01/05/2022,YA,Moneyball,Yasin,camera,4,0.3
01/05/2022,YA,Moneyball,Yasin,themes,5,0.3
01/05/2022,YA,Moneyball,Yasin,music,6,0.25
01/05/2022,YA,Moneyball,Yasin,casting,7,0.4
01/05/2022,YA,Moneyball,Yasin,wildcard,8,0.5
01/05/2022,ZA,Moneyball,Yasin,enjoyable,1,5
01/05/2022,ZA,Moneyball,Yasin,plot,2,0.1
01/05/2022,ZA,Moneyball,Yasin,acting,3,0.2
01/05/2022,ZA,Moneyball,Yasin,camera,4,0.05
01/05/2022,ZA,Moneyball,Yasin,themes,5,0.1
01/05/2022,ZA,Moneyball,Yasin,music,6,0
01/05/2022,ZA,Moneyball,Yasin,casting,7,0.05
01/05/2022,ZA,Moneyball,Yasin,wildcard,8,-0.05
01/05/2022,KS,Moneyball,Yasin,enjoyable,1,5
01/05/2022,KS,Moneyball,Yasin,plot,2,1.5
01/05/2022,KS,Moneyball,Yasin,acting,3,1.3
01/05/2022,KS,Moneyball,Yasin,camera,4,0.4
01/05/2022,KS,Moneyball,Yasin,themes,5,0.2
01/05/2022,KS,Moneyball,Yasin,music,6,0
01/05/2022,KS,Moneyball,Yasin,casting,7,0.4
01/05/2022,KS,Moneyball,Yasin,wildcard,8,0.1
01/05/2022,TS,Moneyball,Yasin,enjoyable,1,5
01/05/2022,TS,Moneyball,Yasin,plot,2,1.5
01/05/2022,TS,Moneyball,Yasin,acting,3,1.3
01/05/2022,TS,Moneyball,Yasin,camera,4,0.6
01/05/2022,TS,Moneyball,Yasin,themes,5,0.4
01/05/2022,TS,Moneyball,Yasin,music,6,0.2
01/05/2022,TS,Moneyball,Yasin,casting,7,0.5
01/05/2022,TS,Moneyball,Yasin,wildcard,8,0.5
23/06/2022,MA,The Holy Mountain,Krishan,enjoyable,1,0
23/06/2022,MA,The Holy Mountain,Krishan,plot,2,0.2
23/06/2022,MA,The Holy Mountain,Krishan,acting,3,0
23/06/2022,MA,The Holy Mountain,Krishan,camera,4,0.8
23/06/2022,MA,The Holy Mountain,Krishan,themes,5,0.3
23/06/2022,MA,The Holy Mountain,Krishan,music,6,0.3
23/06/2022,MA,The Holy Mountain,Krishan,casting,7,0.1
23/06/2022,MA,The Holy Mountain,Krishan,wildcard,8,0
23/06/2022,YA,The Holy Mountain,Krishan,enjoyable,1,0
23/06/2022,YA,The Holy Mountain,Krishan,plot,2,0
23/06/2022,YA,The Holy Mountain,Krishan,acting,3,0.25
23/06/2022,YA,The Holy Mountain,Krishan,camera,4,0.25
23/06/2022,YA,The Holy Mountain,Krishan,themes,5,0.25
23/06/2022,YA,The Holy Mountain,Krishan,music,6,0.2
23/06/2022,YA,The Holy Mountain,Krishan,casting,7,0
23/06/2022,YA,The Holy Mountain,Krishan,wildcard,8,0.1
23/06/2022,ZA,The Holy Mountain,Krishan,enjoyable,1,5
23/06/2022,ZA,The Holy Mountain,Krishan,plot,2,0.3
23/06/2022,ZA,The Holy Mountain,Krishan,acting,3,0.4
23/06/2022,ZA,The Holy Mountain,Krishan,camera,4,0.6
23/06/2022,ZA,The Holy Mountain,Krishan,themes,5,0.5
23/06/2022,ZA,The Holy Mountain,Krishan,music,6,0.5
23/06/2022,ZA,The Holy Mountain,Krishan,casting,7,0.4
23/06/2022,ZA,The Holy Mountain,Krishan,wildcard,8,0.2
23/06/2022,EK,The Holy Mountain,Krishan,enjoyable,1,0
23/06/2022,EK,The Holy Mountain,Krishan,plot,2,0.5
23/06/2022,EK,The Holy Mountain,Krishan,acting,3,0.4
23/06/2022,EK,The Holy Mountain,Krishan,camera,4,0.9
23/06/2022,EK,The Holy Mountain,Krishan,themes,5,0.25
23/06/2022,EK,The Holy Mountain,Krishan,music,6,0.5
23/06/2022,EK,The Holy Mountain,Krishan,casting,7,0.4
23/06/2022,EK,The Holy Mountain,Krishan,wildcard,8,0.3
23/06/2022,KS,The Holy Mountain,Krishan,enjoyable,1,0
23/06/2022,KS,The Holy Mountain,Krishan,plot,2,0.5
23/06/2022,KS,The Holy Mountain,Krishan,acting,3,0.2
23/06/2022,KS,The Holy Mountain,Krishan,camera,4,0.7
23/06/2022,KS,The Holy Mountain,Krishan,themes,5,0.4
23/06/2022,KS,The Holy Mountain,Krishan,music,6,0.5
23/06/2022,KS,The Holy Mountain,Krishan,casting,7,0.1
23/06/2022,KS,The Holy Mountain,Krishan,wildcard,8,0.1
23/06/2022,TS,The Holy Mountain,Krishan,enjoyable,1,0
23/06/2022,TS,The Holy Mountain,Krishan,plot,2,1
23/06/2022,TS,The Holy Mountain,Krishan,acting,3,0
23/06/2022,TS,The Holy Mountain,Krishan,camera,4,1
23/06/2022,TS,The Holy Mountain,Krishan,themes,5,0.1
23/06/2022,TS,The Holy Mountain,Krishan,music,6,0.4
23/06/2022,TS,The Holy Mountain,Krishan,casting,7,0
23/06/2022,TS,The Holy Mountain,Krishan,wildcard,8,0.1
19/07/2022,YA,The Last Detail,Tommy,enjoyable,1,5
19/07/2022,YA,The Last Detail,Tommy,plot,2,1.75
19/07/2022,YA,The Last Detail,Tommy,acting,3,1
19/07/2022,YA,The Last Detail,Tommy,camera,4,0.25
19/07/2022,YA,The Last Detail,Tommy,themes,5,0.4
19/07/2022,YA,The Last Detail,Tommy,music,6,0.1
19/07/2022,YA,The Last Detail,Tommy,casting,7,0.5
19/07/2022,YA,The Last Detail,Tommy,wildcard,8,0
19/07/2022,ZA,The Last Detail,Tommy,enjoyable,1,5
19/07/2022,ZA,The Last Detail,Tommy,plot,2,1
19/07/2022,ZA,The Last Detail,Tommy,acting,3,0.75
19/07/2022,ZA,The Last Detail,Tommy,camera,4,0.6
19/07/2022,ZA,The Last Detail,Tommy,themes,5,0.3
19/07/2022,ZA,The Last Detail,Tommy,music,6,0.2
19/07/2022,ZA,The Last Detail,Tommy,casting,7,0.4
19/07/2022,ZA,The Last Detail,Tommy,wildcard,8,0.3
19/07/2022,KS,The Last Detail,Tommy,enjoyable,1,0
19/07/2022,KS,The Last Detail,Tommy,plot,2,0.5
19/07/2022,KS,The Last Detail,Tommy,acting,3,0.3
19/07/2022,KS,The Last Detail,Tommy,camera,4,0.3
19/07/2022,KS,The Last Detail,Tommy,themes,5,0.1
19/07/2022,KS,The Last Detail,Tommy,music,6,0.1
19/07/2022,KS,The Last Detail,Tommy,casting,7,0.35
19/07/2022,KS,The Last Detail,Tommy,wildcard,8,0.2
19/07/2022,TS,The Last Detail,Tommy,enjoyable,1,5
19/07/2022,TS,The Last Detail,Tommy,plot,2,1.2
19/07/2022,TS,The Last Detail,Tommy,acting,3,1.3
19/07/2022,TS,The Last Detail,Tommy,camera,4,0.4
19/07/2022,TS,The Last Detail,Tommy,themes,5,0.3
19/07/2022,TS,The Last Detail,Tommy,music,6,0.25
19/07/2022,TS,The Last Detail,Tommy,casting,7,0.4
19/07/2022,TS,The Last Detail,Tommy,wildcard,8,0.3
19/07/2022,EK,The Last Detail,Tommy,enjoyable,1,5
19/07/2022,EK,The Last Detail,Tommy,plot,2,0.8
19/07/2022,EK,The Last Detail,Tommy,acting,3,1
19/07/2022,EK,The Last Detail,Tommy,camera,4,0.4
19/07/2022,EK,The Last Detail,Tommy,themes,5,0.3
19/07/2022,EK,The Last Detail,Tommy,music,6,0.1
19/07/2022,EK,The Last Detail,Tommy,casting,7,0.4
19/07/2022,EK,The Last Detail,Tommy,wildcard,8,0.2
18/08/2022,MA,Mongol,Muhammad,enjoyable,1,5
18/08/2022,MA,Mongol,Muhammad,plot,2,0.5
18/08/2022,MA,Mongol,Muhammad,acting,3,1
18/08/2022,MA,Mongol,Muhammad,camera,4,1
18/08/2022,MA,Mongol,Muhammad,themes,5,0.3
18/08/2022,MA,Mongol,Muhammad,music,6,0.4
18/08/2022,MA,Mongol,Muhammad,casting,7,0.1
18/08/2022,MA,Mongol,Muhammad,wildcard,8,0.5
18/08/2022,YA,Mongol,Muhammad,enjoyable,1,5
18/08/2022,YA,Mongol,Muhammad,plot,2,0.5
18/08/2022,YA,Mongol,Muhammad,acting,3,1
18/08/2022,YA,Mongol,Muhammad,camera,4,1
18/08/2022,YA,Mongol,Muhammad,themes,5,0.4
18/08/2022,YA,Mongol,Muhammad,music,6,0.3
18/08/2022,YA,Mongol,Muhammad,casting,7,0.2
18/08/2022,YA,Mongol,Muhammad,wildcard,8,0
18/08/2022,ZA,Mongol,Muhammad,enjoyable,1,5
18/08/2022,ZA,Mongol,Muhammad,plot,2,0.9
18/08/2022,ZA,Mongol,Muhammad,acting,3,1
18/08/2022,ZA,Mongol,Muhammad,camera,4,0.3
18/08/2022,ZA,Mongol,Muhammad,themes,5,0.25
18/08/2022,ZA,Mongol,Muhammad,music,6,0.25
18/08/2022,ZA,Mongol,Muhammad,casting,7,0.25
18/08/2022,ZA,Mongol,Muhammad,wildcard,8,0.1
18/08/2022,EK,Mongol,Muhammad,enjoyable,1,5
18/08/2022,EK,Mongol,Muhammad,plot,2,0.8
18/08/2022,EK,Mongol,Muhammad,acting,3,1
18/08/2022,EK,Mongol,Muhammad,camera,4,0.6
18/08/2022,EK,Mongol,Muhammad,themes,5,0.2
18/08/2022,EK,Mongol,Muhammad,music,6,0.4
18/08/2022,EK,Mongol,Muhammad,casting,7,0.2
18/08/2022,EK,Mongol,Muhammad,wildcard,8,0
18/08/2022,KS,Mongol,Muhammad,enjoyable,1,5
18/08/2022,KS,Mongol,Muhammad,plot,2,1
18/08/2022,KS,Mongol,Muhammad,acting,3,1
18/08/2022,KS,Mongol,Muhammad,camera,4,0.5
18/08/2022,KS,Mongol,Muhammad,themes,5,0.2
18/08/2022,KS,Mongol,Muhammad,music,6,0.3
18/08/2022,KS,Mongol,Muhammad,casting,7,0.1
18/08/2022,KS,Mongol,Muhammad,wildcard,8,-0.1
18/08/2022,TS,Mongol,Muhammad,enjoyable,1,5
18/08/2022,TS,Mongol,Muhammad,plot,2,0.5
18/08/2022,TS,Mongol,Muhammad,acting,3,1
18/08/2022,TS,Mongol,Muhammad,camera,4,0.5
18/08/2022,TS,Mongol,Muhammad,themes,5,0.3
18/08/2022,TS,Mongol,Muhammad,music,6,0.3
18/08/2022,TS,Mongol,Muhammad,casting,7,0.25
18/08/2022,TS,Mongol,Muhammad,wildcard,8,0.2
20/09/2022,YA,Shoplifters,Zelie,enjoyable,1,5
20/09/2022,YA,Shoplifters,Zelie,plot,2,1
20/09/2022,YA,Shoplifters,Zelie,acting,3,1.25
20/09/2022,YA,Shoplifters,Zelie,camera,4,0.9
20/09/2022,YA,Shoplifters,Zelie,themes,5,0.4
20/09/2022,YA,Shoplifters,Zelie,music,6,0.1
20/09/2022,YA,Shoplifters,Zelie,casting,7,0.5
20/09/2022,YA,Shoplifters,Zelie,wildcard,8,0.2
20/09/2022,ZA,Shoplifters,Zelie,enjoyable,1,5
20/09/2022,ZA,Shoplifters,Zelie,plot,2,1.9
20/09/2022,ZA,Shoplifters,Zelie,acting,3,1.5
20/09/2022,ZA,Shoplifters,Zelie,camera,4,1
20/09/2022,ZA,Shoplifters,Zelie,themes,5,0.5
20/09/2022,ZA,Shoplifters,Zelie,music,6,0.4
20/09/2022,ZA,Shoplifters,Zelie,casting,7,0.5
20/09/2022,ZA,Shoplifters,Zelie,wildcard,8,0.25
20/09/2022,KS,Shoplifters,Zelie,enjoyable,1,5
20/09/2022,KS,Shoplifters,Zelie,plot,2,1.7
20/09/2022,KS,Shoplifters,Zelie,acting,3,1.3
20/09/2022,KS,Shoplifters,Zelie,camera,4,0.6
20/09/2022,KS,Shoplifters,Zelie,themes,5,0.35
20/09/2022,KS,Shoplifters,Zelie,music,6,0.1
20/09/2022,KS,Shoplifters,Zelie,casting,7,0.4
20/09/2022,KS,Shoplifters,Zelie,wildcard,8,0.25
20/09/2022,TS,Shoplifters,Zelie,enjoyable,1,5
20/09/2022,TS,Shoplifters,Zelie,plot,2,1.1
20/09/2022,TS,Shoplifters,Zelie,acting,3,1.1
20/09/2022,TS,Shoplifters,Zelie,camera,4,0.7
20/09/2022,TS,Shoplifters,Zelie,themes,5,0.3
20/09/2022,TS,Shoplifters,Zelie,music,6,0.1
20/09/2022,TS,Shoplifters,Zelie,casting,7,0.4
20/09/2022,TS,Shoplifters,Zelie,wildcard,8,0.3
25/10/2022,MA,Citizen Kane,Yasin,enjoyable,1,5
25/10/2022,MA,Citizen Kane,Yasin,plot,2,1.2
25/10/2022,MA,Citizen Kane,Yasin,acting,3,0.5
25/10/2022,MA,Citizen Kane,Yasin,camera,4,1
25/10/2022,MA,Citizen Kane,Yasin,themes,5,0.5
25/10/2022,MA,Citizen Kane,Yasin,music,6,0.25
25/10/2022,MA,Citizen Kane,Yasin,casting,7,0.3
25/10/2022,MA,Citizen Kane,Yasin,wildcard,8,0.2
25/10/2022,YA,Citizen Kane,Yasin,enjoyable,1,5
25/10/2022,YA,Citizen Kane,Yasin,plot,2,1.5
25/10/2022,YA,Citizen Kane,Yasin,acting,3,0.8
25/10/2022,YA,Citizen Kane,Yasin,camera,4,1
25/10/2022,YA,Citizen Kane,Yasin,themes,5,0.5
25/10/2022,YA,Citizen Kane,Yasin,music,6,0.4
25/10/2022,YA,Citizen Kane,Yasin,casting,7,0.4
25/10/2022,YA,Citizen Kane,Yasin,wildcard,8,0.5
25/10/2022,ZA,Citizen Kane,Yasin,enjoyable,1,5
25/10/2022,ZA,Citizen Kane,Yasin,plot,2,1
25/10/2022,ZA,Citizen Kane,Yasin,acting,3,0.75
25/10/2022,ZA,Citizen Kane,Yasin,camera,4,1
25/10/2022,ZA,Citizen Kane,Yasin,themes,5,0.4
25/10/2022,ZA,Citizen Kane,Yasin,music,6,0.3
25/10/2022,ZA,Citizen Kane,Yasin,casting,7,0.4
25/10/2022,ZA,Citizen Kane,Yasin,wildcard,8,0.4
25/10/2022,KS,Citizen Kane,Yasin,enjoyable,1,5
25/10/2022,KS,Citizen Kane,Yasin,plot,2,1
25/10/2022,KS,Citizen Kane,Yasin,acting,3,0.3
25/10/2022,KS,Citizen Kane,Yasin,camera,4,0.8
25/10/2022,KS,Citizen Kane,Yasin,themes,5,0.4
25/10/2022,KS,Citizen Kane,Yasin,music,6,0.15
25/10/2022,KS,Citizen Kane,Yasin,casting,7,0.2
25/10/2022,KS,Citizen Kane,Yasin,wildcard,8,0.2
25/10/2022,TS,Citizen Kane,Yasin,enjoyable,1,5
25/10/2022,TS,Citizen Kane,Yasin,plot,2,1.8
25/10/2022,TS,Citizen Kane,Yasin,acting,3,0.6
25/10/2022,TS,Citizen Kane,Yasin,camera,4,1
25/10/2022,TS,Citizen Kane,Yasin,themes,5,0.5
25/10/2022,TS,Citizen Kane,Yasin,music,6,0.4
25/10/2022,TS,Citizen Kane,Yasin,casting,7,0.4
25/10/2022,TS,Citizen Kane,Yasin,wildcard,8,0.5
25/10/2022,EK,Citizen Kane,Yasin,enjoyable,1,5
25/10/2022,EK,Citizen Kane,Yasin,plot,2,1.5
25/10/2022,EK,Citizen Kane,Yasin,acting,3,0.8
25/10/2022,EK,Citizen Kane,Yasin,camera,4,1
25/10/2022,EK,Citizen Kane,Yasin,themes,5,0.3
25/10/2022,EK,Citizen Kane,Yasin,music,6,0.3
25/10/2022,EK,Citizen Kane,Yasin,casting,7,0.4
25/10/2022,EK,Citizen Kane,Yasin,wildcard,8,0
30/11/2022,MA,Master and Commander,Erik,enjoyable,1,5
30/11/2022,MA,Master and Commander,Erik,plot,2,1.5
30/11/2022,MA,Master and Commander,Erik,acting,3,1
30/11/2022,MA,Master and Commander,Erik,camera,4,0.8
30/11/2022,MA,Master and Commander,Erik,themes,5,0.35
30/11/2022,MA,Master and Commander,Erik,music,6,0.5
30/11/2022,MA,Master and Commander,Erik,casting,7,0.5
30/11/2022,MA,Master and Commander,Erik,wildcard,8,0.5
30/11/2022,KS,Master and Commander,Erik,enjoyable,1,5
30/11/2022,KS,Master and Commander,Erik,plot,2,1.4
30/11/2022,KS,Master and Commander,Erik,acting,3,0.9
30/11/2022,KS,Master and Commander,Erik,camera,4,0.4
30/11/2022,KS,Master and Commander,Erik,themes,5,0.25
30/11/2022,KS,Master and Commander,Erik,music,6,0.4
30/11/2022,KS,Master and Commander,Erik,casting,7,0.25
30/11/2022,KS,Master and Commander,Erik,wildcard,8,0.2
30/11/2022,TS,Master and Commander,Erik,enjoyable,1,5
30/11/2022,TS,Master and Commander,Erik,plot,2,1.1
30/11/2022,TS,Master and Commander,Erik,acting,3,1
30/11/2022,TS,Master and Commander,Erik,camera,4,0.6
30/11/2022,TS,Master and Commander,Erik,themes,5,0.4
30/11/2022,TS,Master and Commander,Erik,music,6,0.4
30/11/2022,TS,Master and Commander,Erik,casting,7,0.5
30/11/2022,TS,Master and Commander,Erik,wildcard,8,0.3
30/11/2022,EK,Master and Commander,Erik,enjoyable,1,5
30/11/2022,EK,Master and Commander,Erik,plot,2,1.7
30/11/2022,EK,Master and Commander,Erik,acting,3,1.2
30/11/2022,EK,Master and Commander,Erik,camera,4,0.8
30/11/2022,EK,Master and Commander,Erik,themes,5,0.35
30/11/2022,EK,Master and Commander,Erik,music,6,0.4
30/11/2022,EK,Master and Commander,Erik,casting,7,0.4
30/11/2022,EK,Master and Commander,Erik,wildcard,8,0.3
30/11/2022,ZA,Master and Commander,Erik,enjoyable,1,5
30/11/2022,ZA,Master and Commander,Erik,plot,2,1.5
30/11/2022,ZA,Master and Commander,Erik,acting,3,0.75
30/11/2022,ZA,Master and Commander,Erik,camera,4,0.5
30/11/2022,ZA,Master and Commander,Erik,themes,5,0.25
30/11/2022,ZA,Master and Commander,Erik,music,6,0.3
30/11/2022,ZA,Master and Commander,Erik,casting,7,0.3
30/11/2022,ZA,Master and Commander,Erik,wildcard,8,0.2
05/12/2022,YA,Grave of The Fireflies,Krishan,enjoyable,1,5
05/12/2022,YA,Grave of The Fireflies,Krishan,plot,2,1.5
05/12/2022,YA,Grave of The Fireflies,Krishan,acting,3,1.5
05/12/2022,YA,Grave of The Fireflies,Krishan,camera,4,0.8
05/12/2022,YA,Grave of The Fireflies,Krishan,themes,5,0.5
05/12/2022,YA,Grave of The Fireflies,Krishan,music,6,0.4
05/12/2022,YA,Grave of The Fireflies,Krishan,casting,7,0.5
05/12/2022,YA,Grave of The Fireflies,Krishan,wildcard,8,0.5
05/12/2022,ZA,Grave of The Fireflies,Krishan,enjoyable,1,5
05/12/2022,ZA,Grave of The Fireflies,Krishan,plot,2,1.5
05/12/2022,ZA,Grave of The Fireflies,Krishan,acting,3,1.5
05/12/2022,ZA,Grave of The Fireflies,Krishan,camera,4,1
05/12/2022,ZA,Grave of The Fireflies,Krishan,themes,5,0.3
05/12/2022,ZA,Grave of The Fireflies,Krishan,music,6,0.4
05/12/2022,ZA,Grave of The Fireflies,Krishan,casting,7,0.5
05/12/2022,ZA,Grave of The Fireflies,Krishan,wildcard,8,0.4
05/12/2022,TS,Grave of The Fireflies,Krishan,enjoyable,1,0
05/12/2022,TS,Grave of The Fireflies,Krishan,plot,2,0.6
05/12/2022,TS,Grave of The Fireflies,Krishan,acting,3,0.5
05/12/2022,TS,Grave of The Fireflies,Krishan,camera,4,0.4
05/12/2022,TS,Grave of The Fireflies,Krishan,themes,5,0.5
05/12/2022,TS,Grave of The Fireflies,Krishan,music,6,0.3
05/12/2022,TS,Grave of The Fireflies,Krishan,casting,7,0.2
05/12/2022,TS,Grave of The Fireflies,Krishan,wildcard,8,0.2
05/12/2022,KS,Grave of The Fireflies,Krishan,enjoyable,1,5
05/12/2022,KS,Grave of The Fireflies,Krishan,plot,2,1.8
05/12/2022,KS,Grave of The Fireflies,Krishan,acting,3,1.25
05/12/2022,KS,Grave of The Fireflies,Krishan,camera,4,0.9
05/12/2022,KS,Grave of The Fireflies,Krishan,themes,5,0.35
05/12/2022,KS,Grave of The Fireflies,Krishan,music,6,0.4
05/12/2022,KS,Grave of The Fireflies,Krishan,casting,7,0.35
05/12/2022,KS,Grave of The Fireflies,Krishan,wildcard,8,0.35
05/12/2022,MA,Grave of The Fireflies,Krishan,enjoyable,1,5
05/12/2022,MA,Grave of The Fireflies,Krishan,plot,2,2
05/12/2022,MA,Grave of The Fireflies,Krishan,acting,3,1.5
05/12/2022,MA,Grave of The Fireflies,Krishan,camera,4,0.8
05/12/2022,MA,Grave of The Fireflies,Krishan,themes,5,0.5
05/12/2022,MA,Grave of The Fireflies,Krishan,music,6,0.35
05/12/2022,MA,Grave of The Fireflies,Krishan,casting,7,0.3
05/12/2022,MA,Grave of The Fireflies,Krishan,wildcard,8,0.25
19/01/2023,YA,Argentina 1985,Krishan,enjoyable,1,5
19/01/2023,YA,Argentina 1985,Krishan,plot,2,1.3
19/01/2023,YA,Argentina 1985,Krishan,acting,3,1.4
19/01/2023,YA,Argentina 1985,Krishan,camera,4,0.85
19/01/2023,YA,Argentina 1985,Krishan,themes,5,0.35
19/01/2023,YA,Argentina 1985,Krishan,music,6,0.4
19/01/2023,YA,Argentina 1985,Krishan,casting,7,0.5
19/01/2023,YA,Argentina 1985,Krishan,wildcard,8,0.2
19/01/2023,ZA,Argentina 1985,Krishan,enjoyable,1,5
19/01/2023,ZA,Argentina 1985,Krishan,plot,2,1.1
19/01/2023,ZA,Argentina 1985,Krishan,acting,3,1.2
19/01/2023,ZA,Argentina 1985,Krishan,camera,4,0.7
19/01/2023,ZA,Argentina 1985,Krishan,themes,5,0.1
19/01/2023,ZA,Argentina 1985,Krishan,music,6,0.15
19/01/2023,ZA,Argentina 1985,Krishan,casting,7,0.4
19/01/2023,ZA,Argentina 1985,Krishan,wildcard,8,0.1
19/01/2023,TS,Argentina 1985,Krishan,enjoyable,1,5
19/01/2023,TS,Argentina 1985,Krishan,plot,2,1.5
19/01/2023,TS,Argentina 1985,Krishan,acting,3,1.2
19/01/2023,TS,Argentina 1985,Krishan,camera,4,0.8
19/01/2023,TS,Argentina 1985,Krishan,themes,5,0.4
19/01/2023,TS,Argentina 1985,Krishan,music,6,0.3
19/01/2023,TS,Argentina 1985,Krishan,casting,7,0.4
19/01/2023,TS,Argentina 1985,Krishan,wildcard,8,0.3
19/01/2023,KS,Argentina 1985,Krishan,enjoyable,1,5
19/01/2023,KS,Argentina 1985,Krishan,plot,2,1.4
19/01/2023,KS,Argentina 1985,Krishan,acting,3,1.3
19/01/2023,KS,Argentina 1985,Krishan,camera,4,0.65
19/01/2023,KS,Argentina 1985,Krishan,themes,5,0.4
19/01/2023,KS,Argentina 1985,Krishan,music,6,0.5
19/01/2023,KS,Argentina 1985,Krishan,casting,7,0.5
19/01/2023,KS,Argentina 1985,Krishan,wildcard,8,0.3
19/01/2023,MA,Argentina 1985,Krishan,enjoyable,1,5
19/01/2023,MA,Argentina 1985,Krishan,plot,2,1.2
19/01/2023,MA,Argentina 1985,Krishan,acting,3,1.3
19/01/2023,MA,Argentina 1985,Krishan,camera,4,1
19/01/2023,MA,Argentina 1985,Krishan,themes,5,0.4
19/01/2023,MA,Argentina 1985,Krishan,music,6,0.4
19/01/2023,MA,Argentina 1985,Krishan,casting,7,0.5
19/01/2023,MA,Argentina 1985,Krishan,wildcard,8,0.35
13/02/2023,YA,First Cow,Tommy,enjoyable,1,5
13/02/2023,YA,First Cow,Tommy,plot,2,1.1
13/02/2023,YA,First Cow,Tommy,acting,3,1
13/02/2023,YA,First Cow,Tommy,camera,4,0.75
13/02/2023,YA,First Cow,Tommy,themes,5,0.3
13/02/2023,YA,First Cow,Tommy,music,6,0.4
13/02/2023,YA,First Cow,Tommy,casting,7,0.4
13/02/2023,YA,First Cow,Tommy,wildcard,8,-0.25
13/02/2023,ZA,First Cow,Tommy,enjoyable,1,5
13/02/2023,ZA,First Cow,Tommy,plot,2,0.3
13/02/2023,ZA,First Cow,Tommy,acting,3,1
13/02/2023,ZA,First Cow,Tommy,camera,4,0.9
13/02/2023,ZA,First Cow,Tommy,themes,5,0.35
13/02/2023,ZA,First Cow,Tommy,music,6,0.4
13/02/2023,ZA,First Cow,Tommy,casting,7,0.5
13/02/2023,ZA,First Cow,Tommy,wildcard,8,0
13/02/2023,TS,First Cow,Tommy,enjoyable,1,5
13/02/2023,TS,First Cow,Tommy,plot,2,1
13/02/2023,TS,First Cow,Tommy,acting,3,1.3
13/02/2023,TS,First Cow,Tommy,camera,4,0.8
13/02/2023,TS,First Cow,Tommy,themes,5,0.4
13/02/2023,TS,First Cow,Tommy,music,6,0.4
13/02/2023,TS,First Cow,Tommy,casting,7,0.4
13/02/2023,TS,First Cow,Tommy,wildcard,8,0.4
13/02/2023,KS,First Cow,Tommy,enjoyable,1,5
13/02/2023,KS,First Cow,Tommy,plot,2,1.3
13/02/2023,KS,First Cow,Tommy,acting,3,1
13/02/2023,KS,First Cow,Tommy,camera,4,0.85
13/02/2023,KS,First Cow,Tommy,themes,5,0.2
13/02/2023,KS,First Cow,Tommy,music,6,0.25
13/02/2023,KS,First Cow,Tommy,casting,7,0.4
13/02/2023,KS,First Cow,Tommy,wildcard,8,-0.1
13/02/2023,MA,First Cow,Tommy,enjoyable,1,5
13/02/2023,MA,First Cow,Tommy,plot,2,1.1
13/02/2023,MA,First Cow,Tommy,acting,3,0.75
13/02/2023,MA,First Cow,Tommy,camera,4,1
13/02/2023,MA,First Cow,Tommy,themes,5,0.4
13/02/2023,MA,First Cow,Tommy,music,6,0.5
13/02/2023,MA,First Cow,Tommy,casting,7,0.4
13/02/2023,MA,First Cow,Tommy,wildcard,8,0.5
28/03/2023,MA,Theeb,Muhammad,enjoyable,1,5
28/03/2023,MA,Theeb,Muhammad,plot,2,1.5
28/03/2023,MA,Theeb,Muhammad,acting,3,1
28/03/2023,MA,Theeb,Muhammad,camera,4,1
28/03/2023,MA,Theeb,Muhammad,themes,5,0.5
28/03/2023,MA,Theeb,Muhammad,music,6,0.4
28/03/2023,MA,Theeb,Muhammad,casting,7,0.5
28/03/2023,MA,Theeb,Muhammad,wildcard,8,0.5
28/03/2023,YA,Theeb,Muhammad,enjoyable,1,5
28/03/2023,YA,Theeb,Muhammad,plot,2,1.1
28/03/2023,YA,Theeb,Muhammad,acting,3,0.9
28/03/2023,YA,Theeb,Muhammad,camera,4,0.9
28/03/2023,YA,Theeb,Muhammad,themes,5,0.4
28/03/2023,YA,Theeb,Muhammad,music,6,0.4
28/03/2023,YA,Theeb,Muhammad,casting,7,0.25
28/03/2023,YA,Theeb,Muhammad,wildcard,8,0.1
28/03/2023,ZA,Theeb,Muhammad,enjoyable,1,5
28/03/2023,ZA,Theeb,Muhammad,plot,2,1.5
28/03/2023,ZA,Theeb,Muhammad,acting,3,1.3
28/03/2023,ZA,Theeb,Muhammad,camera,4,0.85
28/03/2023,ZA,Theeb,Muhammad,themes,5,0.4
28/03/2023,ZA,Theeb,Muhammad,music,6,0.3
28/03/2023,ZA,Theeb,Muhammad,casting,7,0.3
28/03/2023,ZA,Theeb,Muhammad,wildcard,8,0.2
28/03/2023,KS,Theeb,Muhammad,enjoyable,1,5
28/03/2023,KS,Theeb,Muhammad,plot,2,1.1
28/03/2023,KS,Theeb,Muhammad,acting,3,1.25
28/03/2023,KS,Theeb,Muhammad,camera,4,0.7
28/03/2023,KS,Theeb,Muhammad,themes,5,0.2
28/03/2023,KS,Theeb,Muhammad,music,6,0.3
28/03/2023,KS,Theeb,Muhammad,casting,7,0.4
28/03/2023,KS,Theeb,Muhammad,wildcard,8,0.15
25/04/2023,TS,Swimming Pool,Zelie,enjoyable,1,0
25/04/2023,TS,Swimming Pool,Zelie,plot,2,1
25/04/2023,TS,Swimming Pool,Zelie,acting,3,0.8
25/04/2023,TS,Swimming Pool,Zelie,camera,4,0.6
25/04/2023,TS,Swimming Pool,Zelie,themes,5,0.2
25/04/2023,TS,Swimming Pool,Zelie,music,6,0.4
25/04/2023,TS,Swimming Pool,Zelie,casting,7,0.3
25/04/2023,TS,Swimming Pool,Zelie,wildcard,8,0
25/04/2023,KS,Swimming Pool,Zelie,enjoyable,1,0
25/04/2023,KS,Swimming Pool,Zelie,plot,2,0.8
25/04/2023,KS,Swimming Pool,Zelie,acting,3,1
25/04/2023,KS,Swimming Pool,Zelie,camera,4,0.55
25/04/2023,KS,Swimming Pool,Zelie,themes,5,0.2
25/04/2023,KS,Swimming Pool,Zelie,music,6,0.1
25/04/2023,KS,Swimming Pool,Zelie,casting,7,0.35
25/04/2023,KS,Swimming Pool,Zelie,wildcard,8,0
25/04/2023,MA,Swimming Pool,Zelie,enjoyable,1,0
25/04/2023,MA,Swimming Pool,Zelie,plot,2,0.7
25/04/2023,MA,Swimming Pool,Zelie,acting,3,1
25/04/2023,MA,Swimming Pool,Zelie,camera,4,0.9
25/04/2023,MA,Swimming Pool,Zelie,themes,5,0.3
25/04/2023,MA,Swimming Pool,Zelie,music,6,0.3
25/04/2023,MA,Swimming Pool,Zelie,casting,7,0.4
25/04/2023,MA,Swimming Pool,Zelie,wildcard,8,-0.1
25/04/2023,YA,Swimming Pool,Zelie,enjoyable,1,0
25/04/2023,YA,Swimming Pool,Zelie,plot,2,0.1
25/04/2023,YA,Swimming Pool,Zelie,acting,3,1.1
25/04/2023,YA,Swimming Pool,Zelie,camera,4,0.9
25/04/2023,YA,Swimming Pool,Zelie,themes,5,0.3
25/04/2023,YA,Swimming Pool,Zelie,music,6,0.3
25/04/2023,YA,Swimming Pool,Zelie,casting,7,0.4
25/04/2023,YA,Swimming Pool,Zelie,wildcard,8,0.2
25/04/2023,ZA,Swimming Pool,Zelie,enjoyable,1,5
25/04/2023,ZA,Swimming Pool,Zelie,plot,2,1.6
25/04/2023,ZA,Swimming Pool,Zelie,acting,3,1
25/04/2023,ZA,Swimming Pool,Zelie,camera,4,0.8
25/04/2023,ZA,Swimming Pool,Zelie,themes,5,0.4
25/04/2023,ZA,Swimming Pool,Zelie,music,6,0.25
25/04/2023,ZA,Swimming Pool,Zelie,casting,7,0.4
25/04/2023,ZA,Swimming Pool,Zelie,wildcard,8,0
23/05/2023,KS,12 Angry Men,Yasin,enjoyable,1,5
23/05/2023,KS,12 Angry Men,Yasin,plot,2,1.75
23/05/2023,KS,12 Angry Men,Yasin,acting,3,1.2
23/05/2023,KS,12 Angry Men,Yasin,camera,4,0.75
23/05/2023,KS,12 Angry Men,Yasin,themes,5,0.45
23/05/2023,KS,12 Angry Men,Yasin,music,6,0.28
23/05/2023,KS,12 Angry Men,Yasin,casting,7,0.35
23/05/2023,KS,12 Angry Men,Yasin,wildcard,8,0.4
23/05/2023,MA,12 Angry Men,Yasin,enjoyable,1,5
23/05/2023,MA,12 Angry Men,Yasin,plot,2,1.9
23/05/2023,MA,12 Angry Men,Yasin,acting,3,1
23/05/2023,MA,12 Angry Men,Yasin,camera,4,0.85
23/05/2023,MA,12 Angry Men,Yasin,themes,5,0.5
23/05/2023,MA,12 Angry Men,Yasin,music,6,0.25
23/05/2023,MA,12 Angry Men,Yasin,casting,7,0.5
23/05/2023,MA,12 Angry Men,Yasin,wildcard,8,0.5
23/05/2023,YA,12 Angry Men,Yasin,enjoyable,1,5
23/05/2023,YA,12 Angry Men,Yasin,plot,2,1.8
23/05/2023,YA,12 Angry Men,Yasin,acting,3,1.5
23/05/2023,YA,12 Angry Men,Yasin,camera,4,1
23/05/2023,YA,12 Angry Men,Yasin,themes,5,0.5
23/05/2023,YA,12 Angry Men,Yasin,music,6,0.4
23/05/2023,YA,12 Angry Men,Yasin,casting,7,0.5
23/05/2023,YA,12 Angry Men,Yasin,wildcard,8,0.5
23/05/2023,ZA,12 Angry Men,Yasin,enjoyable,1,5
23/05/2023,ZA,12 Angry Men,Yasin,plot,2,1.75
23/05/2023,ZA,12 Angry Men,Yasin,acting,3,1.35
23/05/2023,ZA,12 Angry Men,Yasin,camera,4,1
23/05/2023,ZA,12 Angry Men,Yasin,themes,5,0.4
23/05/2023,ZA,12 Angry Men,Yasin,music,6,0.4
23/05/2023,ZA,12 Angry Men,Yasin,casting,7,0.5
23/05/2023,ZA,12 Angry Men,Yasin,wildcard,8,0.2
27/06/2023,KS,Hero,Krishan,enjoyable,1,5
27/06/2023,KS,Hero,Krishan,plot,2,1.35
27/06/2023,KS,Hero,Krishan,acting,3,1.2
27/06/2023,KS,Hero,Krishan,camera,4,1
27/06/2023,KS,Hero,Krishan,themes,5,0.35
27/06/2023,KS,Hero,Krishan,music,6,0.2
27/06/2023,KS,Hero,Krishan,casting,7,0.4
27/06/2023,KS,Hero,Krishan,wildcard,8,0.3
27/06/2023,MA,Hero,Krishan,enjoyable,1,5
27/06/2023,MA,Hero,Krishan,plot,2,1.8
27/06/2023,MA,Hero,Krishan,acting,3,0.5
27/06/2023,MA,Hero,Krishan,camera,4,1
27/06/2023,MA,Hero,Krishan,themes,5,0.5
27/06/2023,MA,Hero,Krishan,music,6,0.3
27/06/2023,MA,Hero,Krishan,casting,7,0.5
27/06/2023,MA,Hero,Krishan,wildcard,8,0.5
27/06/2023,YA,Hero,Krishan,enjoyable,1,5
27/06/2023,YA,Hero,Krishan,plot,2,1.7
27/06/2023,YA,Hero,Krishan,acting,3,1
27/06/2023,YA,Hero,Krishan,camera,4,0.9
27/06/2023,YA,Hero,Krishan,themes,5,0.5
27/06/2023,YA,Hero,Krishan,music,6,0.1
27/06/2023,YA,Hero,Krishan,casting,7,0.5
27/06/2023,YA,Hero,Krishan,wildcard,8,0.25
27/06/2023,ZA,Hero,Krishan,enjoyable,1,5
27/06/2023,ZA,Hero,Krishan,plot,2,1.1
27/06/2023,ZA,Hero,Krishan,acting,3,1.3
27/06/2023,ZA,Hero,Krishan,camera,4,0.85
27/06/2023,ZA,Hero,Krishan,themes,5,0.25
27/06/2023,ZA,Hero,Krishan,music,6,0.15
27/06/2023,ZA,Hero,Krishan,casting,7,0.45
27/06/2023,ZA,Hero,Krishan,wildcard,8,0.1
25/07/2023,KS,The Fugitive,Tommy,enjoyable,1,5
25/07/2023,KS,The Fugitive,Tommy,plot,2,1.3
25/07/2023,KS,The Fugitive,Tommy,acting,3,1
25/07/2023,KS,The Fugitive,Tommy,camera,4,0.4
25/07/2023,KS,The Fugitive,Tommy,themes,5,0.15
25/07/2023,KS,The Fugitive,Tommy,music,6,0.1
25/07/2023,KS,The Fugitive,Tommy,casting,7,0.5
25/07/2023,KS,The Fugitive,Tommy,wildcard,8,0
25/07/2023,MA,The Fugitive,Tommy,enjoyable,1,5
25/07/2023,MA,The Fugitive,Tommy,plot,2,1.2
25/07/2023,MA,The Fugitive,Tommy,acting,3,1
25/07/2023,MA,The Fugitive,Tommy,camera,4,0.6
25/07/2023,MA,The Fugitive,Tommy,themes,5,0.2
25/07/2023,MA,The Fugitive,Tommy,music,6,0.1
25/07/2023,MA,The Fugitive,Tommy,casting,7,0.4
25/07/2023,MA,The Fugitive,Tommy,wildcard,8,0
25/07/2023,YA,The Fugitive,Tommy,enjoyable,1,5
25/07/2023,YA,The Fugitive,Tommy,plot,2,1.25
25/07/2023,YA,The Fugitive,Tommy,acting,3,1
25/07/2023,YA,The Fugitive,Tommy,camera,4,1
25/07/2023,YA,The Fugitive,Tommy,themes,5,0.3
25/07/2023,YA,The Fugitive,Tommy,music,6,0.2
25/07/2023,YA,The Fugitive,Tommy,casting,7,0.5
25/07/2023,YA,The Fugitive,Tommy,wildcard,8,0.5
25/07/2023,ZA,The Fugitive,Tommy,enjoyable,1,5
25/07/2023,ZA,The Fugitive,Tommy,plot,2,0.8
25/07/2023,ZA,The Fugitive,Tommy,acting,3,0.5
25/07/2023,ZA,The Fugitive,Tommy,camera,4,0.4
25/07/2023,ZA,The Fugitive,Tommy,themes,5,0.1
25/07/2023,ZA,The Fugitive,Tommy,music,6,0.2
25/07/2023,ZA,The Fugitive,Tommy,casting,7,0.35
25/07/2023,ZA,The Fugitive,Tommy,wildcard,8,0
25/07/2023,TS,The Fugitive,Tommy,enjoyable,1,5
25/07/2023,TS,The Fugitive,Tommy,plot,2,1.7
25/07/2023,TS,The Fugitive,Tommy,acting,3,1.3
25/07/2023,TS,The Fugitive,Tommy,camera,4,0.7
25/07/2023,TS,The Fugitive,Tommy,themes,5,0.5
25/07/2023,TS,The Fugitive,Tommy,music,6,0.2
25/07/2023,TS,The Fugitive,Tommy,casting,7,0.5
25/07/2023,TS,The Fugitive,Tommy,wildcard,8,0.4
17/08/2023,KS,Tsotsi,Muhammad,enjoyable,1,5
17/08/2023,KS,Tsotsi,Muhammad,plot,2,0.65
17/08/2023,KS,Tsotsi,Muhammad,acting,3,1
17/08/2023,KS,Tsotsi,Muhammad,camera,4,0.3
17/08/2023,KS,Tsotsi,Muhammad,themes,5,0.25
17/08/2023,KS,Tsotsi,Muhammad,music,6,0.3
17/08/2023,KS,Tsotsi,Muhammad,casting,7,0.4
17/08/2023,KS,Tsotsi,Muhammad,wildcard,8,-0.15
17/08/2023,MA,Tsotsi,Muhammad,enjoyable,1,5
17/08/2023,MA,Tsotsi,Muhammad,plot,2,0.5
17/08/2023,MA,Tsotsi,Muhammad,acting,3,1
17/08/2023,MA,Tsotsi,Muhammad,camera,4,0.6
17/08/2023,MA,Tsotsi,Muhammad,themes,5,0.2
17/08/2023,MA,Tsotsi,Muhammad,music,6,0.5
17/08/2023,MA,Tsotsi,Muhammad,casting,7,0.5
17/08/2023,MA,Tsotsi,Muhammad,wildcard,8,-0.3
17/08/2023,YA,Tsotsi,Muhammad,enjoyable,1,5
17/08/2023,YA,Tsotsi,Muhammad,plot,2,0.75
17/08/2023,YA,Tsotsi,Muhammad,acting,3,1.25
17/08/2023,YA,Tsotsi,Muhammad,camera,4,1
17/08/2023,YA,Tsotsi,Muhammad,themes,5,0.15
17/08/2023,YA,Tsotsi,Muhammad,music,6,0.4
17/08/2023,YA,Tsotsi,Muhammad,casting,7,0.4
17/08/2023,YA,Tsotsi,Muhammad,wildcard,8,-0.2
17/08/2023,TS,Tsotsi,Muhammad,enjoyable,1,5
17/08/2023,TS,Tsotsi,Muhammad,plot,2,0.7
17/08/2023,TS,Tsotsi,Muhammad,acting,3,0.8
17/08/2023,TS,Tsotsi,Muhammad,camera,4,0.4
17/08/2023,TS,Tsotsi,Muhammad,themes,5,0.2
17/08/2023,TS,Tsotsi,Muhammad,music,6,0.5
17/08/2023,TS,Tsotsi,Muhammad,casting,7,0.3
17/08/2023,TS,Tsotsi,Muhammad,wildcard,8,-0.2
19/09/2023,KS,The Land,Zelie,enjoyable,1,0
19/09/2023,KS,The Land,Zelie,plot,2,1.2
19/09/2023,KS,The Land,Zelie,acting,3,1.3
19/09/2023,KS,The Land,Zelie,camera,4,0.55
19/09/2023,KS,The Land,Zelie,themes,5,0.45
19/09/2023,KS,The Land,Zelie,music,6,0.3
19/09/2023,KS,The Land,Zelie,casting,7,0.5
19/09/2023,KS,The Land,Zelie,wildcard,8,0.2
19/09/2023,MA,The Land,Zelie,enjoyable,1,5
19/09/2023,MA,The Land,Zelie,plot,2,1.8
19/09/2023,MA,The Land,Zelie,acting,3,1.3
19/09/2023,MA,The Land,Zelie,camera,4,0.8
19/09/2023,MA,The Land,Zelie,themes,5,0.5
19/09/2023,MA,The Land,Zelie,music,6,0.5
19/09/2023,MA,The Land,Zelie,casting,7,0.5
19/09/2023,MA,The Land,Zelie,wildcard,8,0.5
19/09/2023,YA,The Land,Zelie,enjoyable,1,5
19/09/2023,YA,The Land,Zelie,plot,2,1.5
19/09/2023,YA,The Land,Zelie,acting,3,1.5
19/09/2023,YA,The Land,Zelie,camera,4,0.8
19/09/2023,YA,The Land,Zelie,themes,5,0.5
19/09/2023,YA,The Land,Zelie,music,6,0.3
19/09/2023,YA,The Land,Zelie,casting,7,0.5
19/09/2023,YA,The Land,Zelie,wildcard,8,0
19/09/2023,ZA,The Land,Zelie,enjoyable,1,5
19/09/2023,ZA,The Land,Zelie,plot,2,1.75
19/09/2023,ZA,The Land,Zelie,acting,3,1.4
19/09/2023,ZA,The Land,Zelie,camera,4,1
19/09/2023,ZA,The Land,Zelie,themes,5,0.5
19/09/2023,ZA,The Land,Zelie,music,6,0.4
19/09/2023,ZA,The Land,Zelie,casting,7,0.5
19/09/2023,ZA,The Land,Zelie,wildcard,8,0.1
24/10/2023,KS,Eye In The Sky,Yasin,enjoyable,1,5
24/10/2023,KS,Eye In The Sky,Yasin,plot,2,0.6
24/10/2023,KS,Eye In The Sky,Yasin,acting,3,0.2
24/10/2023,KS,Eye In The Sky,Yasin,camera,4,0.3
24/10/2023,KS,Eye In The Sky,Yasin,themes,5,0.1
24/10/2023,KS,Eye In The Sky,Yasin,music,6,0.15
24/10/2023,KS,Eye In The Sky,Yasin,casting,7,0.2
24/10/2023,KS,Eye In The Sky,Yasin,wildcard,8,-0.3
24/10/2023,MA,Eye In The Sky,Yasin,enjoyable,1,0
24/10/2023,MA,Eye In The Sky,Yasin,plot,2,0.5
24/10/2023,MA,Eye In The Sky,Yasin,acting,3,0.5
24/10/2023,MA,Eye In The Sky,Yasin,camera,4,0.4
24/10/2023,MA,Eye In The Sky,Yasin,themes,5,0.1
24/10/2023,MA,Eye In The Sky,Yasin,music,6,0.2
24/10/2023,MA,Eye In The Sky,Yasin,casting,7,0.2
24/10/2023,MA,Eye In The Sky,Yasin,wildcard,8,-0.5
24/10/2023,YA,Eye In The Sky,Yasin,enjoyable,1,5
24/10/2023,YA,Eye In The Sky,Yasin,plot,2,0.75
24/10/2023,YA,Eye In The Sky,Yasin,acting,3,0.75
24/10/2023,YA,Eye In The Sky,Yasin,camera,4,0.8
24/10/2023,YA,Eye In The Sky,Yasin,themes,5,0.3
24/10/2023,YA,Eye In The Sky,Yasin,music,6,0.15
24/10/2023,YA,Eye In The Sky,Yasin,casting,7,0.3
24/10/2023,YA,Eye In The Sky,Yasin,wildcard,8,0
24/10/2023,ZA,Eye In The Sky,Yasin,enjoyable,1,5
24/10/2023,ZA,Eye In The Sky,Yasin,plot,2,0.7
24/10/2023,ZA,Eye In The Sky,Yasin,acting,3,0.5
24/10/2023,ZA,Eye In The Sky,Yasin,camera,4,0.4
24/10/2023,ZA,Eye In The Sky,Yasin,themes,5,0.25
24/10/2023,ZA,Eye In The Sky,Yasin,music,6,0.1
24/10/2023,ZA,Eye In The Sky,Yasin,casting,7,0.2
24/10/2023,ZA,Eye In The Sky,Yasin,wildcard,8,-0.2
21/11/2023,KS,The Manchurian Candidate,Krishan,enjoyable,1,5
21/11/2023,KS,The Manchurian Candidate,Krishan,plot,2,1.6
21/11/2023,KS,The Manchurian Candidate,Krishan,acting,3,1.1
21/11/2023,KS,The Manchurian Candidate,Krishan,camera,4,0.85
21/11/2023,KS,The Manchurian Candidate,Krishan,themes,5,0.35
21/11/2023,KS,The Manchurian Candidate,Krishan,music,6,0.1
21/11/2023,KS,The Manchurian Candidate,Krishan,casting,7,0.35
21/11/2023,KS,The Manchurian Candidate,Krishan,wildcard,8,0.35
21/11/2023,MA,The Manchurian Candidate,Krishan,enjoyable,1,5
21/11/2023,MA,The Manchurian Candidate,Krishan,plot,2,1.6
21/11/2023,MA,The Manchurian Candidate,Krishan,acting,3,1.3
21/11/2023,MA,The Manchurian Candidate,Krishan,camera,4,0.8
21/11/2023,MA,The Manchurian Candidate,Krishan,themes,5,0.2
21/11/2023,MA,The Manchurian Candidate,Krishan,music,6,0.4
21/11/2023,MA,The Manchurian Candidate,Krishan,casting,7,0.2
21/11/2023,MA,The Manchurian Candidate,Krishan,wildcard,8,0.5
21/11/2023,YA,The Manchurian Candidate,Krishan,enjoyable,1,0
21/11/2023,YA,The Manchurian Candidate,Krishan,plot,2,0.5
21/11/2023,YA,The Manchurian Candidate,Krishan,acting,3,0.9
21/11/2023,YA,The Manchurian Candidate,Krishan,camera,4,0.6
21/11/2023,YA,The Manchurian Candidate,Krishan,themes,5,0.35
21/11/2023,YA,The Manchurian Candidate,Krishan,music,6,0.1
21/11/2023,YA,The Manchurian Candidate,Krishan,casting,7,0.25
21/11/2023,YA,The Manchurian Candidate,Krishan,wildcard,8,0
21/11/2023,ZA,The Manchurian Candidate,Krishan,enjoyable,1,5
21/11/2023,ZA,The Manchurian Candidate,Krishan,plot,2,1.5
21/11/2023,ZA,The Manchurian Candidate,Krishan,acting,3,1.2
21/11/2023,ZA,The Manchurian Candidate,Krishan,camera,4,0.8
21/11/2023,ZA,The Manchurian Candidate,Krishan,themes,5,0.3
21/11/2023,ZA,The Manchurian Candidate,Krishan,music,6,0.35
21/11/2023,ZA,The Manchurian Candidate,Krishan,casting,7,0.4
21/11/2023,ZA,The Manchurian Candidate,Krishan,wildcard,8,0.15
05/12/2023,KS,Gaslight,Zelie,enjoyable,1,5
05/12/2023,KS,Gaslight,Zelie,plot,2,1.2
05/12/2023,KS,Gaslight,Zelie,acting,3,1
05/12/2023,KS,Gaslight,Zelie,camera,4,0.75
05/12/2023,KS,Gaslight,Zelie,themes,5,0.1
05/12/2023,KS,Gaslight,Zelie,music,6,0.35
05/12/2023,KS,Gaslight,Zelie,casting,7,0.1
05/12/2023,KS,Gaslight,Zelie,wildcard,8,0.1
05/12/2023,YA,Gaslight,Zelie,enjoyable,1,5
05/12/2023,YA,Gaslight,Zelie,plot,2,1.15
05/12/2023,YA,Gaslight,Zelie,acting,3,1
05/12/2023,YA,Gaslight,Zelie,camera,4,0.8
05/12/2023,YA,Gaslight,Zelie,themes,5,0.35
05/12/2023,YA,Gaslight,Zelie,music,6,0.3
05/12/2023,YA,Gaslight,Zelie,casting,7,0.25
05/12/2023,YA,Gaslight,Zelie,wildcard,8,0.15
05/12/2023,ZA,Gaslight,Zelie,enjoyable,1,5
05/12/2023,ZA,Gaslight,Zelie,plot,2,1
05/12/2023,ZA,Gaslight,Zelie,acting,3,1.1
05/12/2023,ZA,Gaslight,Zelie,camera,4,0.6
05/12/2023,ZA,Gaslight,Zelie,themes,5,0.3
05/12/2023,ZA,Gaslight,Zelie,music,6,0.35
05/12/2023,ZA,Gaslight,Zelie,casting,7,0.3
05/12/2023,ZA,Gaslight,Zelie,wildcard,8,0.1
16/01/2024,MA,200 Meters,Muhammad,enjoyable,1,5
16/01/2024,MA,200 Meters,Muhammad,plot,2,1.5
16/01/2024,MA,200 Meters,Muhammad,acting,3,1.3
16/01/2024,MA,200 Meters,Muhammad,camera,4,0.8
16/01/2024,MA,200 Meters,Muhammad,themes,5,0.4
16/01/2024,MA,200 Meters,Muhammad,music,6,0.5
16/01/2024,MA,200 Meters,Muhammad,casting,7,0.4
16/01/2024,MA,200 Meters,Muhammad,wildcard,8,0.3
16/01/2024,YA,200 Meters,Muhammad,enjoyable,1,5
16/01/2024,YA,200 Meters,Muhammad,plot,2,1.2
16/01/2024,YA,200 Meters,Muhammad,acting,3,1.25
16/01/2024,YA,200 Meters,Muhammad,camera,4,0.8
16/01/2024,YA,200 Meters,Muhammad,themes,5,0.5
16/01/2024,YA,200 Meters,Muhammad,music,6,0.35
16/01/2024,YA,200 Meters,Muhammad,casting,7,0.5
16/01/2024,YA,200 Meters,Muhammad,wildcard,8,-0.1
16/01/2024,ZA,200 Meters,Muhammad,enjoyable,1,5
16/01/2024,ZA,200 Meters,Muhammad,plot,2,1.6
16/01/2024,ZA,200 Meters,Muhammad,acting,3,1.2
16/01/2024,ZA,200 Meters,Muhammad,camera,4,0.75
16/01/2024,ZA,200 Meters,Muhammad,themes,5,0.5
16/01/2024,ZA,200 Meters,Muhammad,music,6,0.4
16/01/2024,ZA,200 Meters,Muhammad,casting,7,0.4
16/01/2024,ZA,200 Meters,Muhammad,wildcard,8,0.1
16/01/2024,KS,200 Meters,Muhammad,enjoyable,1,5
16/01/2024,KS,200 Meters,Muhammad,plot,2,1.6
16/01/2024,KS,200 Meters,Muhammad,acting,3,1.2
16/01/2024,KS,200 Meters,Muhammad,camera,4,0.8
16/01/2024,KS,200 Meters,Muhammad,themes,5,0.4
16/01/2024,KS,200 Meters,Muhammad,music,6,0.5
16/01/2024,KS,200 Meters,Muhammad,casting,7,0.3
16/01/2024,KS,200 Meters,Muhammad,wildcard,8,0.2
12/02/2024,MA,Society Of The Snow,Zelie,enjoyable,1,5
12/02/2024,MA,Society Of The Snow,Zelie,plot,2,1.6
12/02/2024,MA,Society Of The Snow,Zelie,acting,3,1
12/02/2024,MA,Society Of The Snow,Zelie,camera,4,1
12/02/2024,MA,Society Of The Snow,Zelie,themes,5,0.4
12/02/2024,MA,Society Of The Snow,Zelie,music,6,0.4
12/02/2024,MA,Society Of The Snow,Zelie,casting,7,0.4
12/02/2024,MA,Society Of The Snow,Zelie,wildcard,8,0.5
12/02/2024,YA,Society Of The Snow,Zelie,enjoyable,1,5
12/02/2024,YA,Society Of The Snow,Zelie,plot,2,1.6
12/02/2024,YA,Society Of The Snow,Zelie,acting,3,1.2
12/02/2024,YA,Society Of The Snow,Zelie,camera,4,0.8
12/02/2024,YA,Society Of The Snow,Zelie,themes,5,0.3
12/02/2024,YA,Society Of The Snow,Zelie,music,6,0.3
12/02/2024,YA,Society Of The Snow,Zelie,casting,7,0.4
12/02/2024,YA,Society Of The Snow,Zelie,wildcard,8,0.5
12/02/2024,ZA,Society Of The Snow,Zelie,enjoyable,1,5
12/02/2024,ZA,Society Of The Snow,Zelie,plot,2,1.5
12/02/2024,ZA,Society Of The Snow,Zelie,acting,3,1.3
12/02/2024,ZA,Society Of The Snow,Zelie,camera,4,0.7
12/02/2024,ZA,Society Of The Snow,Zelie,themes,5,0.35
12/02/2024,ZA,Society Of The Snow,Zelie,music,6,0.35
12/02/2024,ZA,Society Of The Snow,Zelie,casting,7,0.4
12/02/2024,ZA,Society Of The Snow,Zelie,wildcard,8,0.1
12/02/2024,KS,Society Of The Snow,Zelie,enjoyable,1,5
12/02/2024,KS,Society Of The Snow,Zelie,plot,2,1.5
12/02/2024,KS,Society Of The Snow,Zelie,acting,3,1.1
12/02/2024,KS,Society Of The Snow,Zelie,camera,4,0.75
12/02/2024,KS,Society Of The Snow,Zelie,themes,5,0.35
12/02/2024,KS,Society Of The Snow,Zelie,music,6,0.3
12/02/2024,KS,Society Of The Snow,Zelie,casting,7,0.25
12/02/2024,KS,Society Of The Snow,Zelie,wildcard,8,-0.2
12/02/2024,NS,Society Of The Snow,Zelie,enjoyable,1,5
12/02/2024,NS,Society Of The Snow,Zelie,plot,2,1
12/02/2024,NS,Society Of The Snow,Zelie,acting,3,0.7
12/02/2024,NS,Society Of The Snow,Zelie,camera,4,0.5
12/02/2024,NS,Society Of The Snow,Zelie,themes,5,0.25
12/02/2024,NS,Society Of The Snow,Zelie,music,6,0.3
12/02/2024,NS,Society Of The Snow,Zelie,casting,7,0.35
12/02/2024,NS,Society Of The Snow,Zelie,wildcard,8,0
11/03/2024,MA,Moon,Yasin,enjoyable,1,5
11/03/2024,MA,Moon,Yasin,plot,2,1.2
11/03/2024,MA,Moon,Yasin,acting,3,0.5
11/03/2024,MA,Moon,Yasin,camera,4,0.6
11/03/2024,MA,Moon,Yasin,themes,5,0.2
11/03/2024,MA,Moon,Yasin,music,6,0.3
11/03/2024,MA,Moon,Yasin,casting,7,0.1
11/03/2024,MA,Moon,Yasin,wildcard,8,0.3
11/03/2024,YA,Moon,Yasin,enjoyable,1,5
11/03/2024,YA,Moon,Yasin,plot,2,1
11/03/2024,YA,Moon,Yasin,acting,3,0.8
11/03/2024,YA,Moon,Yasin,camera,4,0.7
11/03/2024,YA,Moon,Yasin,themes,5,0.25
11/03/2024,YA,Moon,Yasin,music,6,0.3
11/03/2024,YA,Moon,Yasin,casting,7,0.1
11/03/2024,YA,Moon,Yasin,wildcard,8,0.5
11/03/2024,KS,Moon,Yasin,enjoyable,1,5
11/03/2024,KS,Moon,Yasin,plot,2,1.3
11/03/2024,KS,Moon,Yasin,acting,3,0.85
11/03/2024,KS,Moon,Yasin,camera,4,0.7
11/03/2024,KS,Moon,Yasin,themes,5,0.1
11/03/2024,KS,Moon,Yasin,music,6,0.3
11/03/2024,KS,Moon,Yasin,casting,7,0.2
11/03/2024,KS,Moon,Yasin,wildcard,8,0.3
11/03/2024,ZA,Moon,Yasin,enjoyable,1,5
11/03/2024,ZA,Moon,Yasin,plot,2,0.8
11/03/2024,ZA,Moon,Yasin,acting,3,1.2
11/03/2024,ZA,Moon,Yasin,camera,4,0.4
11/03/2024,ZA,Moon,Yasin,themes,5,0.1
11/03/2024,ZA,Moon,Yasin,music,6,0.4
11/03/2024,ZA,Moon,Yasin,casting,7,0.2
11/03/2024,ZA,Moon,Yasin,wildcard,8,0
15/04/2024,MA,Loving Vincent,Krishan,enjoyable,1,5
15/04/2024,MA,Loving Vincent,Krishan,plot,2,1
15/04/2024,MA,Loving Vincent,Krishan,acting,3,1
15/04/2024,MA,Loving Vincent,Krishan,camera,4,1
15/04/2024,MA,Loving Vincent,Krishan,themes,5,0.4
15/04/2024,MA,Loving Vincent,Krishan,music,6,0.4
15/04/2024,MA,Loving Vincent,Krishan,casting,7,0.2
15/04/2024,MA,Loving Vincent,Krishan,wildcard,8,0.5
15/04/2024,YA,Loving Vincent,Krishan,enjoyable,1,5
15/04/2024,YA,Loving Vincent,Krishan,plot,2,1.8
15/04/2024,YA,Loving Vincent,Krishan,acting,3,1
15/04/2024,YA,Loving Vincent,Krishan,camera,4,1
15/04/2024,YA,Loving Vincent,Krishan,themes,5,0.5
15/04/2024,YA,Loving Vincent,Krishan,music,6,0.4
15/04/2024,YA,Loving Vincent,Krishan,casting,7,0.3
15/04/2024,YA,Loving Vincent,Krishan,wildcard,8,0.5
15/04/2024,ZA,Loving Vincent,Krishan,enjoyable,1,5
15/04/2024,ZA,Loving Vincent,Krishan,plot,2,1
15/04/2024,ZA,Loving Vincent,Krishan,acting,3,1
15/04/2024,ZA,Loving Vincent,Krishan,camera,4,0.8
15/04/2024,ZA,Loving Vincent,Krishan,themes,5,0.1
15/04/2024,ZA,Loving Vincent,Krishan,music,6,0.4
15/04/2024,ZA,Loving Vincent,Krishan,casting,7,0.3
15/04/2024,ZA,Loving Vincent,Krishan,wildcard,8,0
15/04/2024,KS,Loving Vincent,Krishan,enjoyable,1,5
15/04/2024,KS,Loving Vincent,Krishan,plot,2,1.25
15/04/2024,KS,Loving Vincent,Krishan,acting,3,1
15/04/2024,KS,Loving Vincent,Krishan,camera,4,1
15/04/2024,KS,Loving Vincent,Krishan,themes,5,0.5
15/04/2024,KS,Loving Vincent,Krishan,music,6,0.35
15/04/2024,KS,Loving Vincent,Krishan,casting,7,0.4
15/04/2024,KS,Loving Vincent,Krishan,wildcard,8,0.5
20/05/2024,MA,Nairobi Half Life,Muhammad,enjoyable,1,5
20/05/2024,MA,Nairobi Half Life,Muhammad,plot,2,1.5
20/05/2024,MA,Nairobi Half Life,Muhammad,acting,3,1.2
20/05/2024,MA,Nairobi Half Life,Muhammad,camera,4,0.7
20/05/2024,MA,Nairobi Half Life,Muhammad,themes,5,0.3
20/05/2024,MA,Nairobi Half Life,Muhammad,music,6,0.5
20/05/2024,MA,Nairobi Half Life,Muhammad,casting,7,0.5
20/05/2024,MA,Nairobi Half Life,Muhammad,wildcard,8,0.5
20/05/2024,YA,Nairobi Half Life,Muhammad,enjoyable,1,5
20/05/2024,YA,Nairobi Half Life,Muhammad,plot,2,1
20/05/2024,YA,Nairobi Half Life,Muhammad,acting,3,1
20/05/2024,YA,Nairobi Half Life,Muhammad,camera,4,0.7
20/05/2024,YA,Nairobi Half Life,Muhammad,themes,5,0.4
20/05/2024,YA,Nairobi Half Life,Muhammad,music,6,0.3
20/05/2024,YA,Nairobi Half Life,Muhammad,casting,7,0.4
20/05/2024,YA,Nairobi Half Life,Muhammad,wildcard,8,0.1
20/05/2024,BM,Nairobi Half Life,Muhammad,enjoyable,1,5
20/05/2024,BM,Nairobi Half Life,Muhammad,plot,2,1
20/05/2024,BM,Nairobi Half Life,Muhammad,acting,3,1
20/05/2024,BM,Nairobi Half Life,Muhammad,camera,4,0.7
20/05/2024,BM,Nairobi Half Life,Muhammad,themes,5,0.4
20/05/2024,BM,Nairobi Half Life,Muhammad,music,6,0.3
20/05/2024,BM,Nairobi Half Life,Muhammad,casting,7,0.4
20/05/2024,BM,Nairobi Half Life,Muhammad,wildcard,8,0.1
20/05/2024,ZA,Nairobi Half Life,Muhammad,enjoyable,1,5
20/05/2024,ZA,Nairobi Half Life,Muhammad,plot,2,1.75
20/05/2024,ZA,Nairobi Half Life,Muhammad,acting,3,1.2
20/05/2024,ZA,Nairobi Half Life,Muhammad,camera,4,0.7
20/05/2024,ZA,Nairobi Half Life,Muhammad,themes,5,0.4
20/05/2024,ZA,Nairobi Half Life,Muhammad,music,6,0.25
20/05/2024,ZA,Nairobi Half Life,Muhammad,casting,7,0.4
20/05/2024,ZA,Nairobi Half Life,Muhammad,wildcard,8,0.1
20/05/2024,KS,Nairobi Half Life,Muhammad,enjoyable,1,5
20/05/2024,KS,Nairobi Half Life,Muhammad,plot,2,1.5
20/05/2024,KS,Nairobi Half Life,Muhammad,acting,3,1.2
20/05/2024,KS,Nairobi Half Life,Muhammad,camera,4,0.6
20/05/2024,KS,Nairobi Half Life,Muhammad,themes,5,0.25
20/05/2024,KS,Nairobi Half Life,Muhammad,music,6,0.4
20/05/2024,KS,Nairobi Half Life,Muhammad,casting,7,0.5
20/05/2024,KS,Nairobi Half Life,Muhammad,wildcard,8,0.25
23/06/2024,MA,Persona,Zelie,enjoyable,1,5
23/06/2024,MA,Persona,Zelie,plot,2,1.5
23/06/2024,MA,Persona,Zelie,acting,3,1.4
23/06/2024,MA,Persona,Zelie,camera,4,0.9
23/06/2024,MA,Persona,Zelie,themes,5,0.4
23/06/2024,MA,Persona,Zelie,music,6,0.2
23/06/2024,MA,Persona,Zelie,casting,7,0.5
23/06/2024,MA,Persona,Zelie,wildcard,8,0.2
23/06/2024,BM,Persona,Zelie,enjoyable,1,5
23/06/2024,BM,Persona,Zelie,plot,2,1.5
23/06/2024,BM,Persona,Zelie,acting,3,1.2
23/06/2024,BM,Persona,Zelie,camera,4,0.8
23/06/2024,BM,Persona,Zelie,themes,5,0.4
23/06/2024,BM,Persona,Zelie,music,6,0.3
23/06/2024,BM,Persona,Zelie,casting,7,0.4
23/06/2024,BM,Persona,Zelie,wildcard,8,0.25
23/06/2024,ZA,Persona,Zelie,enjoyable,1,5
23/06/2024,ZA,Persona,Zelie,plot,2,1.5
23/06/2024,ZA,Persona,Zelie,acting,3,1.3
23/06/2024,ZA,Persona,Zelie,camera,4,0.9
23/06/2024,ZA,Persona,Zelie,themes,5,0.4
23/06/2024,ZA,Persona,Zelie,music,6,0.3
23/06/2024,ZA,Persona,Zelie,casting,7,0.5
23/06/2024,ZA,Persona,Zelie,wildcard,8,0.2
23/06/2024,KS,Persona,Zelie,enjoyable,1,5
23/06/2024,KS,Persona,Zelie,plot,2,1.8
23/06/2024,KS,Persona,Zelie,acting,3,1.2
23/06/2024,KS,Persona,Zelie,camera,4,0.7
23/06/2024,KS,Persona,Zelie,themes,5,0.5
23/06/2024,KS,Persona,Zelie,music,6,0.25
23/06/2024,KS,Persona,Zelie,casting,7,0.5
23/06/2024,KS,Persona,Zelie,wildcard,8,0.5
22/07/2024,MA,Se7en,Yasin,enjoyable,1,5
22/07/2024,MA,Se7en,Yasin,plot,2,1.8
22/07/2024,MA,Se7en,Yasin,acting,3,1.5
22/07/2024,MA,Se7en,Yasin,camera,4,0.9
22/07/2024,MA,Se7en,Yasin,themes,5,0.4
22/07/2024,MA,Se7en,Yasin,music,6,0.3
22/07/2024,MA,Se7en,Yasin,casting,7,0.5
22/07/2024,MA,Se7en,Yasin,wildcard,8,0.5
22/07/2024,YA,Se7en,Yasin,enjoyable,1,5
22/07/2024,YA,Se7en,Yasin,plot,2,2
22/07/2024,YA,Se7en,Yasin,acting,3,1.3
22/07/2024,YA,Se7en,Yasin,camera,4,1
22/07/2024,YA,Se7en,Yasin,themes,5,0.5
22/07/2024,YA,Se7en,Yasin,music,6,0.4
22/07/2024,YA,Se7en,Yasin,casting,7,0.5
22/07/2024,YA,Se7en,Yasin,wildcard,8,0.5
22/07/2024,ZA,Se7en,Yasin,enjoyable,1,5
22/07/2024,ZA,Se7en,Yasin,plot,2,1.6
22/07/2024,ZA,Se7en,Yasin,acting,3,1.1
22/07/2024,ZA,Se7en,Yasin,camera,4,0.75
22/07/2024,ZA,Se7en,Yasin,themes,5,0.4
22/07/2024,ZA,Se7en,Yasin,music,6,0.4
22/07/2024,ZA,Se7en,Yasin,casting,7,0.3
22/07/2024,ZA,Se7en,Yasin,wildcard,8,0.1
22/07/2024,BM,Se7en,Yasin,enjoyable,1,5
22/07/2024,BM,Se7en,Yasin,plot,2,1.6
22/07/2024,BM,Se7en,Yasin,acting,3,1.3
22/07/2024,BM,Se7en,Yasin,camera,4,0.85
22/07/2024,BM,Se7en,Yasin,themes,5,0.35
22/07/2024,BM,Se7en,Yasin,music,6,0.4
22/07/2024,BM,Se7en,Yasin,casting,7,0.4
22/07/2024,BM,Se7en,Yasin,wildcard,8,0.2
22/07/2024,KS,Se7en,Yasin,enjoyable,1,5
22/07/2024,KS,Se7en,Yasin,plot,2,1.6
22/07/2024,KS,Se7en,Yasin,acting,3,1.3
22/07/2024,KS,Se7en,Yasin,camera,4,0.8
22/07/2024,KS,Se7en,Yasin,themes,5,0.5
22/07/2024,KS,Se7en,Yasin,music,6,0.1
22/07/2024,KS,Se7en,Yasin,casting,7,0.5
22/07/2024,KS,Se7en,Yasin,wildcard,8,0.2
12/08/2024,MA,The Handmaiden,Becca,enjoyable,1,5
12/08/2024,MA,The Handmaiden,Becca,plot,2,1.8
12/08/2024,MA,The Handmaiden,Becca,acting,3,1.2
12/08/2024,MA,The Handmaiden,Becca,camera,4,1
12/08/2024,MA,The Handmaiden,Becca,themes,5,0.3
12/08/2024,MA,The Handmaiden,Becca,music,6,0.3
12/08/2024,MA,The Handmaiden,Becca,casting,7,0.3
12/08/2024,MA,The Handmaiden,Becca,wildcard,8,0.5
12/08/2024,ZA,The Handmaiden,Becca,enjoyable,1,5
12/08/2024,ZA,The Handmaiden,Becca,plot,2,1.3
12/08/2024,ZA,The Handmaiden,Becca,acting,3,1
12/08/2024,ZA,The Handmaiden,Becca,camera,4,0.6
12/08/2024,ZA,The Handmaiden,Becca,themes,5,0.35
12/08/2024,ZA,The Handmaiden,Becca,music,6,0.3
12/08/2024,ZA,The Handmaiden,Becca,casting,7,0.3
12/08/2024,ZA,The Handmaiden,Becca,wildcard,8,0.1
12/08/2024,BM,The Handmaiden,Becca,enjoyable,1,5
12/08/2024,BM,The Handmaiden,Becca,plot,2,1.8
12/08/2024,BM,The Handmaiden,Becca,acting,3,1.4
12/08/2024,BM,The Handmaiden,Becca,camera,4,0.9
12/08/2024,BM,The Handmaiden,Becca,themes,5,0.3
12/08/2024,BM,The Handmaiden,Becca,music,6,0.3
12/08/2024,BM,The Handmaiden,Becca,casting,7,0.4
12/08/2024,BM,The Handmaiden,Becca,wildcard,8,0.35
12/08/2024,KS,The Handmaiden,Becca,enjoyable,1,5
12/08/2024,KS,The Handmaiden,Becca,plot,2,1.8
12/08/2024,KS,The Handmaiden,Becca,acting,3,1.1
12/08/2024,KS,The Handmaiden,Becca,camera,4,1
12/08/2024,KS,The Handmaiden,Becca,themes,5,0.3
12/08/2024,KS,The Handmaiden,Becca,music,6,0.2
12/08/2024,KS,The Handmaiden,Becca,casting,7,0.35
12/08/2024,KS,The Handmaiden,Becca,wildcard,8,0.1
02/09/2024,MA,Throne Of Blood,Krishan,enjoyable,1,5
02/09/2024,MA,Throne Of Blood,Krishan,plot,2,0.5
02/09/2024,MA,Throne Of Blood,Krishan,acting,3,0.3
02/09/2024,MA,Throne Of Blood,Krishan,camera,4,0.8
02/09/2024,MA,Throne Of Blood,Krishan,themes,5,0.4
02/09/2024,MA,Throne Of Blood,Krishan,music,6,0.3
02/09/2024,MA,Throne Of Blood,Krishan,casting,7,0.3
02/09/2024,MA,Throne Of Blood,Krishan,wildcard,8,-0.5
02/09/2024,ZA,Throne Of Blood,Krishan,enjoyable,1,5
02/09/2024,ZA,Throne Of Blood,Krishan,plot,2,1.3
02/09/2024,ZA,Throne Of Blood,Krishan,acting,3,1.1
02/09/2024,ZA,Throne Of Blood,Krishan,camera,4,0.9
02/09/2024,ZA,Throne Of Blood,Krishan,themes,5,0.3
02/09/2024,ZA,Throne Of Blood,Krishan,music,6,0.3
02/09/2024,ZA,Throne Of Blood,Krishan,casting,7,0.4
02/09/2024,ZA,Throne Of Blood,Krishan,wildcard,8,0.1
02/09/2024,BM,Throne Of Blood,Krishan,enjoyable,1,0
02/09/2024,BM,Throne Of Blood,Krishan,plot,2,1.5
02/09/2024,BM,Throne Of Blood,Krishan,acting,3,1
02/09/2024,BM,Throne Of Blood,Krishan,camera,4,0.7
02/09/2024,BM,Throne Of Blood,Krishan,themes,5,0.35
02/09/2024,BM,Throne Of Blood,Krishan,music,6,0.25
02/09/2024,BM,Throne Of Blood,Krishan,casting,7,0.3
02/09/2024,BM,Throne Of Blood,Krishan,wildcard,8,0.5
02/09/2024,KS,Throne Of Blood,Krishan,enjoyable,1,5
02/09/2024,KS,Throne Of Blood,Krishan,plot,2,1.5
02/09/2024,KS,Throne Of Blood,Krishan,acting,3,0.55
02/09/2024,KS,Throne Of Blood,Krishan,camera,4,0.75
02/09/2024,KS,Throne Of Blood,Krishan,themes,5,0.35
02/09/2024,KS,Throne Of Blood,Krishan,music,6,0.35
02/09/2024,KS,Throne Of Blood,Krishan,casting,7,0.3
02/09/2024,KS,Throne Of Blood,Krishan,wildcard,8,0.3
21/10/2024,MA,Ladri Di Biciclette,Muhammad,enjoyable,1,5
21/10/2024,MA,Ladri Di Biciclette,Muhammad,plot,2,1.5
21/10/2024,MA,Ladri Di Biciclette,Muhammad,acting,3,1.5
21/10/2024,MA,Ladri Di Biciclette,Muhammad,camera,4,0.8
21/10/2024,MA,Ladri Di Biciclette,Muhammad,themes,5,0.4
21/10/2024,MA,Ladri Di Biciclette,Muhammad,music,6,0.3
21/10/2024,MA,Ladri Di Biciclette,Muhammad,casting,7,0.4
21/10/2024,MA,Ladri Di Biciclette,Muhammad,wildcard,8,0.5
21/10/2024,ZA,Ladri Di Biciclette,Muhammad,enjoyable,1,5
21/10/2024,ZA,Ladri Di Biciclette,Muhammad,plot,2,1.4
21/10/2024,ZA,Ladri Di Biciclette,Muhammad,acting,3,1.3
21/10/2024,ZA,Ladri Di Biciclette,Muhammad,camera,4,0.8
21/10/2024,ZA,Ladri Di Biciclette,Muhammad,themes,5,0.45
21/10/2024,ZA,Ladri Di Biciclette,Muhammad,music,6,0.35
21/10/2024,ZA,Ladri Di Biciclette,Muhammad,casting,7,0.4
21/10/2024,ZA,Ladri Di Biciclette,Muhammad,wildcard,8,0.2
21/10/2024,KD,Ladri Di Biciclette,Muhammad,enjoyable,1,5
21/10/2024,KD,Ladri Di Biciclette,Muhammad,plot,2,1
21/10/2024,KD,Ladri Di Biciclette,Muhammad,acting,3,1.4
21/10/2024,KD,Ladri Di Biciclette,Muhammad,camera,4,0.8
21/10/2024,KD,Ladri Di Biciclette,Muhammad,themes,5,0.2
21/10/2024,KD,Ladri Di Biciclette,Muhammad,music,6,0.3
21/10/2024,KD,Ladri Di Biciclette,Muhammad,casting,7,0.4
21/10/2024,KD,Ladri Di Biciclette,Muhammad,wildcard,8,0
21/10/2024,KS,Ladri Di Biciclette,Muhammad,enjoyable,1,5
21/10/2024,KS,Ladri Di Biciclette,Muhammad,plot,2,1.4
21/10/2024,KS,Ladri Di Biciclette,Muhammad,acting,3,1.2
21/10/2024,KS,Ladri Di Biciclette,Muhammad,camera,4,0.75
21/10/2024,KS,Ladri Di Biciclette,Muhammad,themes,5,0.35
21/10/2024,KS,Ladri Di Biciclette,Muhammad,music,6,0.2
21/10/2024,KS,Ladri Di Biciclette,Muhammad,casting,7,0.4
21/10/2024,KS,Ladri Di Biciclette,Muhammad,wildcard,8,0.2
26/11/2024,MA,La Noire De,Zelie,enjoyable,1,5
26/11/2024,MA,La Noire De,Zelie,plot,2,1.3
26/11/2024,MA,La Noire De,Zelie,acting,3,1
26/11/2024,MA,La Noire De,Zelie,camera,4,0.8
26/11/2024,MA,La Noire De,Zelie,themes,5,0.5
26/11/2024,MA,La Noire De,Zelie,music,6,0.5
26/11/2024,MA,La Noire De,Zelie,casting,7,0.3
26/11/2024,MA,La Noire De,Zelie,wildcard,8,0.5
26/11/2024,ZA,La Noire De,Zelie,enjoyable,1,5
26/11/2024,ZA,La Noire De,Zelie,plot,2,1.5
26/11/2024,ZA,La Noire De,Zelie,acting,3,1.3
26/11/2024,ZA,La Noire De,Zelie,camera,4,0.8
26/11/2024,ZA,La Noire De,Zelie,themes,5,0.4
26/11/2024,ZA,La Noire De,Zelie,music,6,0.3
26/11/2024,ZA,La Noire De,Zelie,casting,7,0.4
26/11/2024,ZA,La Noire De,Zelie,wildcard,8,0.1
26/11/2024,YA,La Noire De,Zelie,enjoyable,1,5
26/11/2024,YA,La Noire De,Zelie,plot,2,1
26/11/2024,YA,La Noire De,Zelie,acting,3,0.75
26/11/2024,YA,La Noire De,Zelie,camera,4,0.8
26/11/2024,YA,La Noire De,Zelie,themes,5,0.4
26/11/2024,YA,La Noire De,Zelie,music,6,0.3
26/11/2024,YA,La Noire De,Zelie,casting,7,0.25
26/11/2024,YA,La Noire De,Zelie,wildcard,8,0
26/11/2024,KS,La Noire De,Zelie,enjoyable,1,5
26/11/2024,KS,La Noire De,Zelie,plot,2,1.3
26/11/2024,KS,La Noire De,Zelie,acting,3,1.2
26/11/2024,KS,La Noire De,Zelie,camera,4,0.8
26/11/2024,KS,La Noire De,Zelie,themes,5,0.4
26/11/2024,KS,La Noire De,Zelie,music,6,0.5
26/11/2024,KS,La Noire De,Zelie,casting,7,0.5
26/11/2024,KS,La Noire De,Zelie,wildcard,8,0
06/12/2024,MA,In Bruges,Muhammad,enjoyable,1,5
06/12/2024,MA,In Bruges,Muhammad,plot,2,1.8
06/12/2024,MA,In Bruges,Muhammad,acting,3,1.5
06/12/2024,MA,In Bruges,Muhammad,camera,4,0.8
06/12/2024,MA,In Bruges,Muhammad,themes,5,0.3
06/12/2024,MA,In Bruges,Muhammad,music,6,0.3
06/12/2024,MA,In Bruges,Muhammad,casting,7,0.5
06/12/2024,MA,In Bruges,Muhammad,wildcard,8,0.5
06/12/2024,ZA,In Bruges,Muhammad,enjoyable,1,5
06/12/2024,ZA,In Bruges,Muhammad,plot,2,1.6
06/12/2024,ZA,In Bruges,Muhammad,acting,3,1.2
06/12/2024,ZA,In Bruges,Muhammad,camera,4,0.5
06/12/2024,ZA,In Bruges,Muhammad,themes,5,0.4
06/12/2024,ZA,In Bruges,Muhammad,music,6,0.25
06/12/2024,ZA,In Bruges,Muhammad,casting,7,0.4
06/12/2024,ZA,In Bruges,Muhammad,wildcard,8,-0.1
06/12/2024,BM,In Bruges,Muhammad,enjoyable,1,5
06/12/2024,BM,In Bruges,Muhammad,plot,2,1.7
06/12/2024,BM,In Bruges,Muhammad,acting,3,1.4
06/12/2024,BM,In Bruges,Muhammad,camera,4,0.7
06/12/2024,BM,In Bruges,Muhammad,themes,5,0.2
06/12/2024,BM,In Bruges,Muhammad,music,6,0.4
06/12/2024,BM,In Bruges,Muhammad,casting,7,0.5
06/12/2024,BM,In Bruges,Muhammad,wildcard,8,0.1
06/12/2024,KS,In Bruges,Muhammad,enjoyable,1,5
06/12/2024,KS,In Bruges,Muhammad,plot,2,1.8
06/12/2024,KS,In Bruges,Muhammad,acting,3,1.4
06/12/2024,KS,In Bruges,Muhammad,camera,4,0.8
06/12/2024,KS,In Bruges,Muhammad,themes,5,0
06/12/2024,KS,In Bruges,Muhammad,music,6,0.4
06/12/2024,KS,In Bruges,Muhammad,casting,7,0.5
06/12/2024,KS,In Bruges,Muhammad,wildcard,8,0.2
06/12/2024,KD,In Bruges,Muhammad,enjoyable,1,5
06/12/2024,KD,In Bruges,Muhammad,plot,2,1.5
06/12/2024,KD,In Bruges,Muhammad,acting,3,1.5
06/12/2024,KD,In Bruges,Muhammad,camera,4,0.8
06/12/2024,KD,In Bruges,Muhammad,themes,5,0.3
06/12/2024,KD,In Bruges,Muhammad,music,6,0.2
06/12/2024,KD,In Bruges,Muhammad,casting,7,0.5
06/12/2024,KD,In Bruges,Muhammad,wildcard,8,0.3
11/01/2025,ZA,Blindspotting,Becca,enjoyable,1,5
11/01/2025,ZA,Blindspotting,Becca,plot,2,1.5
11/01/2025,ZA,Blindspotting,Becca,acting,3,1.05
11/01/2025,ZA,Blindspotting,Becca,camera,4,0.6
11/01/2025,ZA,Blindspotting,Becca,themes,5,0.25
11/01/2025,ZA,Blindspotting,Becca,music,6,0.25
11/01/2025,ZA,Blindspotting,Becca,casting,7,0.4
11/01/2025,ZA,Blindspotting,Becca,wildcard,8,0
11/01/2025,BM,Blindspotting,Becca,enjoyable,1,5
11/01/2025,BM,Blindspotting,Becca,plot,2,1.7
11/01/2025,BM,Blindspotting,Becca,acting,3,1.3
11/01/2025,BM,Blindspotting,Becca,camera,4,0.9
11/01/2025,BM,Blindspotting,Becca,themes,5,0.5
11/01/2025,BM,Blindspotting,Becca,music,6,0.5
11/01/2025,BM,Blindspotting,Becca,casting,7,0.4
11/01/2025,BM,Blindspotting,Becca,wildcard,8,0.3
11/01/2025,KS,Blindspotting,Becca,enjoyable,1,5
11/01/2025,KS,Blindspotting,Becca,plot,2,1.5
11/01/2025,KS,Blindspotting,Becca,acting,3,1.2
11/01/2025,KS,Blindspotting,Becca,camera,4,0.6
11/01/2025,KS,Blindspotting,Becca,themes,5,0.5
11/01/2025,KS,Blindspotting,Becca,music,6,0.5
11/01/2025,KS,Blindspotting,Becca,casting,7,0.4
11/01/2025,KS,Blindspotting,Becca,wildcard,8,0.1
11/01/2025,KD,Blindspotting,Becca,enjoyable,1,5
11/01/2025,KD,Blindspotting,Becca,plot,2,1.2
11/01/2025,KD,Blindspotting,Becca,acting,3,1.5
11/01/2025,KD,Blindspotting,Becca,camera,4,0.85
11/01/2025,KD,Blindspotting,Becca,themes,5,0.4
11/01/2025,KD,Blindspotting,Becca,music,6,0.4
11/01/2025,KD,Blindspotting,Becca,casting,7,0.4
11/01/2025,KD,Blindspotting,Becca,wildcard,8,0.25
11/01/2025,LD,Blindspotting,Becca,enjoyable,1,5
11/01/2025,LD,Blindspotting,Becca,plot,2,1.2
11/01/2025,LD,Blindspotting,Becca,acting,3,0.95
11/01/2025,LD,Blindspotting,Becca,camera,4,0.5
11/01/2025,LD,Blindspotting,Becca,themes,5,0.5
11/01/2025,LD,Blindspotting,Becca,music,6,0.35
11/01/2025,LD,Blindspotting,Becca,casting,7,0.25
11/01/2025,LD,Blindspotting,Becca,wildcard,8,0.5
11/02/2025,ZA,The Report,Kurt,enjoyable,1,5
11/02/2025,ZA,The Report,Kurt,plot,2,0.8
11/02/2025,ZA,The Report,Kurt,acting,3,0.75
11/02/2025,ZA,The Report,Kurt,camera,4,0.3
11/02/2025,ZA,The Report,Kurt,themes,5,0.2
11/02/2025,ZA,The Report,Kurt,music,6,0.2
11/02/2025,ZA,The Report,Kurt,casting,7,0.25
11/02/2025,ZA,The Report,Kurt,wildcard,8,0
11/02/2025,MA,The Report,Kurt,enjoyable,1,5
11/02/2025,MA,The Report,Kurt,plot,2,1
11/02/2025,MA,The Report,Kurt,acting,3,0.8
11/02/2025,MA,The Report,Kurt,camera,4,0.5
11/02/2025,MA,The Report,Kurt,themes,5,0.1
11/02/2025,MA,The Report,Kurt,music,6,0.2
11/02/2025,MA,The Report,Kurt,casting,7,0.3
11/02/2025,MA,The Report,Kurt,wildcard,8,0
11/02/2025,KS,The Report,Kurt,enjoyable,1,5
11/02/2025,KS,The Report,Kurt,plot,2,1
11/02/2025,KS,The Report,Kurt,acting,3,1
11/02/2025,KS,The Report,Kurt,camera,4,0.5
11/02/2025,KS,The Report,Kurt,themes,5,0.2
11/02/2025,KS,The Report,Kurt,music,6,0.2
11/02/2025,KS,The Report,Kurt,casting,7,0.3
11/02/2025,KS,The Report,Kurt,wildcard,8,0
11/02/2025,KD,The Report,Kurt,enjoyable,1,5
11/02/2025,KD,The Report,Kurt,plot,2,1
11/02/2025,KD,The Report,Kurt,acting,3,0.6
11/02/2025,KD,The Report,Kurt,camera,4,0.2
11/02/2025,KD,The Report,Kurt,themes,5,0.1
11/02/2025,KD,The Report,Kurt,music,6,0
11/02/2025,KD,The Report,Kurt,casting,7,0.4
11/02/2025,KD,The Report,Kurt,wildcard,8,-0.5
15/03/2025,ZA,Mickey 17,Krishan,enjoyable,1,5
15/03/2025,ZA,Mickey 17,Krishan,plot,2,1.25
15/03/2025,ZA,Mickey 17,Krishan,acting,3,1.2
15/03/2025,ZA,Mickey 17,Krishan,camera,4,0.7
15/03/2025,ZA,Mickey 17,Krishan,themes,5,0.3
15/03/2025,ZA,Mickey 17,Krishan,music,6,0.25
15/03/2025,ZA,Mickey 17,Krishan,casting,7,0.3
15/03/2025,ZA,Mickey 17,Krishan,wildcard,8,0
15/03/2025,MA,Mickey 17,Krishan,enjoyable,1,5
15/03/2025,MA,Mickey 17,Krishan,plot,2,1.5
15/03/2025,MA,Mickey 17,Krishan,acting,3,1.2
15/03/2025,MA,Mickey 17,Krishan,camera,4,0.8
15/03/2025,MA,Mickey 17,Krishan,themes,5,0.2
15/03/2025,MA,Mickey 17,Krishan,music,6,0.3
15/03/2025,MA,Mickey 17,Krishan,casting,7,0.4
15/03/2025,MA,Mickey 17,Krishan,wildcard,8,0.5
15/03/2025,KD,Mickey 17,Krishan,enjoyable,1,0
15/03/2025,KD,Mickey 17,Krishan,plot,2,0
15/03/2025,KD,Mickey 17,Krishan,acting,3,1.5
15/03/2025,KD,Mickey 17,Krishan,camera,4,1
15/03/2025,KD,Mickey 17,Krishan,themes,5,0
15/03/2025,KD,Mickey 17,Krishan,music,6,0
15/03/2025,KD,Mickey 17,Krishan,casting,7,0.5
15/03/2025,KD,Mickey 17,Krishan,wildcard,8,0
15/03/2025,KS,Mickey 17,Krishan,enjoyable,1,5
15/03/2025,KS,Mickey 17,Krishan,plot,2,1.4
15/03/2025,KS,Mickey 17,Krishan,acting,3,1.25
15/03/2025,KS,Mickey 17,Krishan,camera,4,0.7
15/03/2025,KS,Mickey 17,Krishan,themes,5,0.25
15/03/2025,KS,Mickey 17,Krishan,music,6,0.1
15/03/2025,KS,Mickey 17,Krishan,casting,7,0.5
15/03/2025,KS,Mickey 17,Krishan,wildcard,8,0
02/05/2025,ZA,The Eight Mountains,Muhammad,enjoyable,1,5
02/05/2025,ZA,The Eight Mountains,Muhammad,plot,2,1.2
02/05/2025,ZA,The Eight Mountains,Muhammad,acting,3,1.1
02/05/2025,ZA,The Eight Mountains,Muhammad,camera,4,0.85
02/05/2025,ZA,The Eight Mountains,Muhammad,themes,5,0.4
02/05/2025,ZA,The Eight Mountains,Muhammad,music,6,0.4
02/05/2025,ZA,The Eight Mountains,Muhammad,casting,7,0.3
02/05/2025,ZA,The Eight Mountains,Muhammad,wildcard,8,0.1
02/05/2025,MA,The Eight Mountains,Muhammad,enjoyable,1,5
02/05/2025,MA,The Eight Mountains,Muhammad,plot,2,1.2
02/05/2025,MA,The Eight Mountains,Muhammad,acting,3,1.1
02/05/2025,MA,The Eight Mountains,Muhammad,camera,4,1
02/05/2025,MA,The Eight Mountains,Muhammad,themes,5,0.3
02/05/2025,MA,The Eight Mountains,Muhammad,music,6,0.3
02/05/2025,MA,The Eight Mountains,Muhammad,casting,7,0.5
02/05/2025,MA,The Eight Mountains,Muhammad,wildcard,8,0.3
02/05/2025,KS,The Eight Mountains,Muhammad,enjoyable,1,5
02/05/2025,KS,The Eight Mountains,Muhammad,plot,2,1.15
02/05/2025,KS,The Eight Mountains,Muhammad,acting,3,1.4
02/05/2025,KS,The Eight Mountains,Muhammad,camera,4,1
02/05/2025,KS,The Eight Mountains,Muhammad,themes,5,0.25
02/05/2025,KS,The Eight Mountains,Muhammad,music,6,0.2
02/05/2025,KS,The Eight Mountains,Muhammad,casting,7,0.5
02/05/2025,KS,The Eight Mountains,Muhammad,wildcard,8,0
20/01/2026,ZA,Bugonia,Zelie,enjoyable,1,5
20/01/2026,ZA,Bugonia,Zelie,plot,2,1
20/01/2026,ZA,Bugonia,Zelie,acting,3,0.8
20/01/2026,ZA,Bugonia,Zelie,camera,4,0.5
20/01/2026,ZA,Bugonia,Zelie,themes,5,0.2
20/01/2026,ZA,Bugonia,Zelie,music,6,0.35
20/01/2026,ZA,Bugonia,Zelie,casting,7,0.25
20/01/2026,ZA,Bugonia,Zelie,wildcard,8,0
20/01/2026,KS,Bugonia,Zelie,enjoyable,1,5
20/01/2026,KS,Bugonia,Zelie,plot,2,1.1
20/01/2026,KS,Bugonia,Zelie,acting,3,1.2
20/01/2026,KS,Bugonia,Zelie,camera,4,0.9
20/01/2026,KS,Bugonia,Zelie,themes,5,0.1
20/01/2026,KS,Bugonia,Zelie,music,6,0.2
20/01/2026,KS,Bugonia,Zelie,casting,7,0.35
20/01/2026,KS,Bugonia,Zelie,wildcard,8,-0.2
20/01/2026,SE,Bugonia,Zelie,enjoyable,1,0
20/01/2026,SE,Bugonia,Zelie,plot,2,1
20/01/2026,SE,Bugonia,Zelie,acting,3,1.2
20/01/2026,SE,Bugonia,Zelie,camera,4,0.5
20/01/2026,SE,Bugonia,Zelie,themes,5,0.5
20/01/2026,SE,Bugonia,Zelie,music,6,0.3
20/01/2026,SE,Bugonia,Zelie,casting,7,0.5
20/01/2026,SE,Bugonia,Zelie,wildcard,8,0
20/01/2026,YA,Bugonia,Zelie,enjoyable,1,0
20/01/2026,YA,Bugonia,Zelie,plot,2,0.5
20/01/2026,YA,Bugonia,Zelie,acting,3,1.2
20/01/2026,YA,Bugonia,Zelie,camera,4,0.5
20/01/2026,YA,Bugonia,Zelie,themes,5,0.4
20/01/2026,YA,Bugonia,Zelie,music,6,0.3
20/01/2026,YA,Bugonia,Zelie,casting,7,0.25
20/01/2026,YA,Bugonia,Zelie,wildcard,8,-0.25
20/01/2026,RB,Bugonia,Zelie,enjoyable,1,0
20/01/2026,RB,Bugonia,Zelie,plot,2,1
20/01/2026,RB,Bugonia,Zelie,acting,3,1.2
20/01/2026,RB,Bugonia,Zelie,camera,4,0.5
20/01/2026,RB,Bugonia,Zelie,themes,5,0.3
20/01/2026,RB,Bugonia,Zelie,music,6,0.4
20/01/2026,RB,Bugonia,Zelie,casting,7,0.3
20/01/2026,RB,Bugonia,Zelie,wildcard,8,-0.25
20/01/2026,MA,Bugonia,Zelie,enjoyable,1,0
20/01/2026,MA,Bugonia,Zelie,plot,2,1.3
20/01/2026,MA,Bugonia,Zelie,acting,3,1.5
20/01/2026,MA,Bugonia,Zelie,camera,4,0.8
20/01/2026,MA,Bugonia,Zelie,themes,5,0.2
20/01/2026,MA,Bugonia,Zelie,music,6,0.4
20/01/2026,MA,Bugonia,Zelie,casting,7,0.5
20/01/2026,MA,Bugonia,Zelie,wildcard,8,0.2
03/02/2026,KS,Frankenstein,Sara,enjoyable,1,0
03/02/2026,KS,Frankenstein,Sara,plot,2,1.2
03/02/2026,KS,Frankenstein,Sara,acting,3,0.2
03/02/2026,KS,Frankenstein,Sara,camera,4,0.4
03/02/2026,KS,Frankenstein,Sara,themes,5,0.2
03/02/2026,KS,Frankenstein,Sara,music,6,0.1
03/02/2026,KS,Frankenstein,Sara,casting,7,0.35
03/02/2026,KS,Frankenstein,Sara,wildcard,8,0
03/02/2026,ZA,Frankenstein,Sara,enjoyable,1,5
03/02/2026,ZA,Frankenstein,Sara,plot,2,0.9
03/02/2026,ZA,Frankenstein,Sara,acting,3,0.8
03/02/2026,ZA,Frankenstein,Sara,camera,4,0.4
03/02/2026,ZA,Frankenstein,Sara,themes,5,0.1
03/02/2026,ZA,Frankenstein,Sara,music,6,0.2
03/02/2026,ZA,Frankenstein,Sara,casting,7,0.25
03/02/2026,ZA,Frankenstein,Sara,wildcard,8,-0.1
03/02/2026,MA,Frankenstein,Sara,enjoyable,1,5
03/02/2026,MA,Frankenstein,Sara,plot,2,0.5
03/02/2026,MA,Frankenstein,Sara,acting,3,0.5
03/02/2026,MA,Frankenstein,Sara,camera,4,0.2
03/02/2026,MA,Frankenstein,Sara,themes,5,0.2
03/02/2026,MA,Frankenstein,Sara,music,6,0.3
03/02/2026,MA,Frankenstein,Sara,casting,7,0.1
03/02/2026,MA,Frankenstein,Sara,wildcard,8,-0.1
03/02/2026,SE,Frankenstein,Sara,enjoyable,1,5
03/02/2026,SE,Frankenstein,Sara,plot,2,0.2
03/02/2026,SE,Frankenstein,Sara,acting,3,0.5
03/02/2026,SE,Frankenstein,Sara,camera,4,0.3
03/02/2026,SE,Frankenstein,Sara,themes,5,0.3
03/02/2026,SE,Frankenstein,Sara,music,6,0.2
03/02/2026,SE,Frankenstein,Sara,casting,7,0.3
03/02/2026,SE,Frankenstein,Sara,wildcard,8,-0.5
03/02/2026,YA,Frankenstein,Sara,enjoyable,1,5
03/02/2026,YA,Frankenstein,Sara,plot,2,0.5
03/02/2026,YA,Frankenstein,Sara,acting,3,1
03/02/2026,YA,Frankenstein,Sara,camera,4,0.5
03/02/2026,YA,Frankenstein,Sara,themes,5,0.4
03/02/2026,YA,Frankenstein,Sara,music,6,0.3
03/02/2026,YA,Frankenstein,Sara,casting,7,0.4
03/02/2026,YA,Frankenstein,Sara,wildcard,8,0.1
03/02/2026,RB,Frankenstein,Sara,enjoyable,1,5
03/02/2026,RB,Frankenstein,Sara,plot,2,1.3
03/02/2026,RB,Frankenstein,Sara,acting,3,1.2
03/02/2026,RB,Frankenstein,Sara,camera,4,0.6
03/02/2026,RB,Frankenstein,Sara,themes,5,0.4
03/02/2026,RB,Frankenstein,Sara,music,6,0.25
03/02/2026,RB,Frankenstein,Sara,casting,7,0.35
03/02/2026,RB,Frankenstein,Sara,wildcard,8,0
21/04/2026,KS,Bab'Aziz,Reem,enjoyable,1,0
21/04/2026,KS,Bab'Aziz,Reem,plot,2,0.5
21/04/2026,KS,Bab'Aziz,Reem,acting,3,1
21/04/2026,KS,Bab'Aziz,Reem,camera,4,0.35
21/04/2026,KS,Bab'Aziz,Reem,themes,5,0.1
21/04/2026,KS,Bab'Aziz,Reem,music,6,0.3
21/04/2026,KS,Bab'Aziz,Reem,casting,7,0.4
21/04/2026,KS,Bab'Aziz,Reem,wildcard,8,0
21/04/2026,ZA,Bab'Aziz,Reem,enjoyable,1,5
21/04/2026,ZA,Bab'Aziz,Reem,plot,2,0.5
21/04/2026,ZA,Bab'Aziz,Reem,acting,3,1
21/04/2026,ZA,Bab'Aziz,Reem,camera,4,0.7
21/04/2026,ZA,Bab'Aziz,Reem,themes,5,0.25
21/04/2026,ZA,Bab'Aziz,Reem,music,6,0.3
21/04/2026,ZA,Bab'Aziz,Reem,casting,7,0.4
21/04/2026,ZA,Bab'Aziz,Reem,wildcard,8,0
21/04/2026,MA,Bab'Aziz,Reem,enjoyable,1,5
21/04/2026,MA,Bab'Aziz,Reem,plot,2,0.2
21/04/2026,MA,Bab'Aziz,Reem,acting,3,1
21/04/2026,MA,Bab'Aziz,Reem,camera,4,0.8
21/04/2026,MA,Bab'Aziz,Reem,themes,5,0.2
21/04/2026,MA,Bab'Aziz,Reem,music,6,0.5
21/04/2026,MA,Bab'Aziz,Reem,casting,7,0.3
21/04/2026,MA,Bab'Aziz,Reem,wildcard,8,-0.3
21/04/2026,SE,Bab'Aziz,Reem,enjoyable,1,0
21/04/2026,SE,Bab'Aziz,Reem,plot,2,1
21/04/2026,SE,Bab'Aziz,Reem,acting,3,1
21/04/2026,SE,Bab'Aziz,Reem,camera,4,0.5
21/04/2026,SE,Bab'Aziz,Reem,themes,5,0.5
21/04/2026,SE,Bab'Aziz,Reem,music,6,0.5
21/04/2026,SE,Bab'Aziz,Reem,casting,7,0.4
21/04/2026,SE,Bab'Aziz,Reem,wildcard,8,0.4
21/04/2026,RB,Bab'Aziz,Reem,enjoyable,1,0
21/04/2026,RB,Bab'Aziz,Reem,plot,2,1
21/04/2026,RB,Bab'Aziz,Reem,acting,3,1
21/04/2026,RB,Bab'Aziz,Reem,camera,4,0.35
21/04/2026,RB,Bab'Aziz,Reem,themes,5,0.25
21/04/2026,RB,Bab'Aziz,Reem,music,6,0.4
21/04/2026,RB,Bab'Aziz,Reem,casting,7,0.3
21/04/2026,RB,Bab'Aziz,Reem,wildcard,8,0
22/06/2026,YA,No Country For Old Men,Muhammad,enjoyable,1,0
22/06/2026,YA,No Country For Old Men,Muhammad,plot,2,2
22/06/2026,YA,No Country For Old Men,Muhammad,acting,3,1
22/06/2026,YA,No Country For Old Men,Muhammad,camera,4,0.5
22/06/2026,YA,No Country For Old Men,Muhammad,themes,5,0.2
22/06/2026,YA,No Country For Old Men,Muhammad,music,6,0.2
22/06/2026,YA,No Country For Old Men,Muhammad,casting,7,0.4
22/06/2026,YA,No Country For Old Men,Muhammad,wildcard,8,0.5
22/06/2026,RB,No Country For Old Men,Muhammad,enjoyable,1,0
22/06/2026,RB,No Country For Old Men,Muhammad,plot,2,0.7
22/06/2026,RB,No Country For Old Men,Muhammad,acting,3,1.3
22/06/2026,RB,No Country For Old Men,Muhammad,camera,4,0.6
22/06/2026,RB,No Country For Old Men,Muhammad,themes,5,0.2
22/06/2026,RB,No Country For Old Men,Muhammad,music,6,0.2
22/06/2026,RB,No Country For Old Men,Muhammad,casting,7,0.5
22/06/2026,RB,No Country For Old Men,Muhammad,wildcard,8,-0.5
22/06/2026,MA,No Country For Old Men,Muhammad,enjoyable,1,5
22/06/2026,MA,No Country For Old Men,Muhammad,plot,2,1.2
22/06/2026,MA,No Country For Old Men,Muhammad,acting,3,1.5
22/06/2026,MA,No Country For Old Men,Muhammad,camera,4,0.8
22/06/2026,MA,No Country For Old Men,Muhammad,themes,5,0.25
22/06/2026,MA,No Country For Old Men,Muhammad,music,6,0.4
22/06/2026,MA,No Country For Old Men,Muhammad,casting,7,0.5
22/06/2026,MA,No Country For Old Men,Muhammad,wildcard,8,0.3
22/06/2026,SE,No Country For Old Men,Muhammad,enjoyable,1,5
22/06/2026,SE,No Country For Old Men,Muhammad,plot,2,1
22/06/2026,SE,No Country For Old Men,Muhammad,acting,3,1.5
22/06/2026,SE,No Country For Old Men,Muhammad,camera,4,0.5
22/06/2026,SE,No Country For Old Men,Muhammad,themes,5,0.3
22/06/2026,SE,No Country For Old Men,Muhammad,music,6,0.3
22/06/2026,SE,No Country For Old Men,Muhammad,casting,7,0.5
22/06/2026,SE,No Country For Old Men,Muhammad,wildcard,8,0
22/06/2026,ZA,No Country For Old Men,Muhammad,enjoyable,1,5
22/06/2026,ZA,No Country For Old Men,Muhammad,plot,2,1.4
22/06/2026,ZA,No Country For Old Men,Muhammad,acting,3,1.3
22/06/2026,ZA,No Country For Old Men,Muhammad,camera,4,0.75
22/06/2026,ZA,No Country For Old Men,Muhammad,themes,5,0.3
22/06/2026,ZA,No Country For Old Men,Muhammad,music,6,0.25
22/06/2026,ZA,No Country For Old Men,Muhammad,casting,7,0.4
22/06/2026,ZA,No Country For Old Men,Muhammad,wildcard,8,0
22/06/2026,KS,No Country For Old Men,Muhammad,enjoyable,1,5
22/06/2026,KS,No Country For Old Men,Muhammad,plot,2,1.4
22/06/2026,KS,No Country For Old Men,Muhammad,acting,3,1.3
22/06/2026,KS,No Country For Old Men,Muhammad,camera,4,0.5
22/06/2026,KS,No Country For Old Men,Muhammad,themes,5,0.1
22/06/2026,KS,No Country For Old Men,Muhammad,music,6,0.2
22/06/2026,KS,No Country For Old Men,Muhammad,casting,7,0.5
22/06/2026,KS,No Country For Old Men,Muhammad,wildcard,8,0.1
11/08/2026,YA,Eternal Sunshine of the Spotless Mind,Yasin,enjoyable,1,
11/08/2026,YA,Eternal Sunshine of the Spotless Mind,Yasin,plot,2,
11/08/2026,YA,Eternal Sunshine of the Spotless Mind,Yasin,acting,3,
11/08/2026,YA,Eternal Sunshine of the Spotless Mind,Yasin,camera,4,
11/08/2026,YA,Eternal Sunshine of the Spotless Mind,Yasin,themes,5,
11/08/2026,YA,Eternal Sunshine of the Spotless Mind,Yasin,music,6,
11/08/2026,YA,Eternal Sunshine of the Spotless Mind,Yasin,casting,7,
11/08/2026,YA,Eternal Sunshine of the Spotless Mind,Yasin,wildcard,8,
11/08/2026,RB,Eternal Sunshine of the Spotless Mind,Yasin,enjoyable,1,5
11/08/2026,RB,Eternal Sunshine of the Spotless Mind,Yasin,plot,2,1.2
11/08/2026,RB,Eternal Sunshine of the Spotless Mind,Yasin,acting,3,1.2
11/08/2026,RB,Eternal Sunshine of the Spotless Mind,Yasin,camera,4,0.5
11/08/2026,RB,Eternal Sunshine of the Spotless Mind,Yasin,themes,5,0.3
11/08/2026,RB,Eternal Sunshine of the Spotless Mind,Yasin,music,6,0.3
11/08/2026,RB,Eternal Sunshine of the Spotless Mind,Yasin,casting,7,0.4
11/08/2026,RB,Eternal Sunshine of the Spotless Mind,Yasin,wildcard,8,0.1
11/08/2026,MA,Eternal Sunshine of the Spotless Mind,Yasin,enjoyable,1,5
11/08/2026,MA,Eternal Sunshine of the Spotless Mind,Yasin,plot,2,1.8
11/08/2026,MA,Eternal Sunshine of the Spotless Mind,Yasin,acting,3,1.2
11/08/2026,MA,Eternal Sunshine of the Spotless Mind,Yasin,camera,4,0.9
11/08/2026,MA,Eternal Sunshine of the Spotless Mind,Yasin,themes,5,0.5
11/08/2026,MA,Eternal Sunshine of the Spotless Mind,Yasin,music,6,0.3
11/08/2026,MA,Eternal Sunshine of the Spotless Mind,Yasin,casting,7,0.3
11/08/2026,MA,Eternal Sunshine of the Spotless Mind,Yasin,wildcard,8,0.2
11/08/2026,SE,Eternal Sunshine of the Spotless Mind,Yasin,enjoyable,1,5
11/08/2026,SE,Eternal Sunshine of the Spotless Mind,Yasin,plot,2,1.2
11/08/2026,SE,Eternal Sunshine of the Spotless Mind,Yasin,acting,3,1.5
11/08/2026,SE,Eternal Sunshine of the Spotless Mind,Yasin,camera,4,0.7
11/08/2026,SE,Eternal Sunshine of the Spotless Mind,Yasin,themes,5,0.4
11/08/2026,SE,Eternal Sunshine of the Spotless Mind,Yasin,music,6,0.4
11/08/2026,SE,Eternal Sunshine of the Spotless Mind,Yasin,casting,7,0.5
11/08/2026,SE,Eternal Sunshine of the Spotless Mind,Yasin,wildcard,8,-0.5
11/08/2026,ZA,Eternal Sunshine of the Spotless Mind,Yasin,enjoyable,1,5
11/08/2026,ZA,Eternal Sunshine of the Spotless Mind,Yasin,plot,2,1.25
11/08/2026,ZA,Eternal Sunshine of the Spotless Mind,Yasin,acting,3,1.25
11/08/2026,ZA,Eternal Sunshine of the Spotless Mind,Yasin,camera,4,0.75
11/08/2026,ZA,Eternal Sunshine of the Spotless Mind,Yasin,themes,5,0.4
11/08/2026,ZA,Eternal Sunshine of the Spotless Mind,Yasin,music,6,0.3
11/08/2026,ZA,Eternal Sunshine of the Spotless Mind,Yasin,casting,7,0.5
11/08/2026,ZA,Eternal Sunshine of the Spotless Mind,Yasin,wildcard,8,-0.1
11/08/2026,KS,Eternal Sunshine of the Spotless Mind,Yasin,enjoyable,1,5
11/08/2026,KS,Eternal Sunshine of the Spotless Mind,Yasin,plot,2,1.3
11/08/2026,KS,Eternal Sunshine of the Spotless Mind,Yasin,acting,3,1
11/08/2026,KS,Eternal Sunshine of the Spotless Mind,Yasin,camera,4,0.8
11/08/2026,KS,Eternal Sunshine of the Spotless Mind,Yasin,themes,5,0.4
11/08/2026,KS,Eternal Sunshine of the Spotless Mind,Yasin,music,6,0
11/08/2026,KS,Eternal Sunshine of the Spotless Mind,Yasin,casting,7,0.3
11/08/2026,KS,Eternal Sunshine of the Spotless Mind,Yasin,wildcard,8,0
